time_utc,fridge_W,coffee_W,sum_W,time_et,over_nameplate_x
2026-07-13 11:29:02+00:00,560.0,1073.4,1633.4,2026-07-13 07:29:02-04:00,1.1
2026-07-13 11:29:04+00:00,558.9,1068.2,1627.1,2026-07-13 07:29:04-04:00,1.1
2026-07-13 11:29:06+00:00,558.5,1064.4,1622.9,2026-07-13 07:29:06-04:00,1.1
2026-07-13 11:29:08+00:00,559.2,1063.2,1622.4,2026-07-13 07:29:08-04:00,1.1
2026-07-13 11:29:10+00:00,559.2,1063.2,1622.4,2026-07-13 07:29:10-04:00,1.1
2026-07-13 11:29:12+00:00,559.6,1061.3,1620.9,2026-07-13 07:29:12-04:00,1.1
2026-07-13 11:29:14+00:00,560.0,1060.0,1620.0,2026-07-13 07:29:14-04:00,1.1
2026-07-13 11:29:16+00:00,560.5,1059.6,1620.1,2026-07-13 07:29:16-04:00,1.1
2026-07-13 11:29:18+00:00,559.9,1059.3,1619.2,2026-07-13 07:29:18-04:00,1.1
2026-07-13 11:29:20+00:00,559.9,1059.3,1619.2,2026-07-13 07:29:20-04:00,1.1
2026-07-13 11:29:22+00:00,558.9,1056.7,1615.6,2026-07-13 07:29:22-04:00,1.1
2026-07-13 11:34:38+00:00,568.2,1068.2,1636.4,2026-07-13 07:34:38-04:00,1.1
2026-07-13 11:34:40+00:00,567.8,1064.3,1632.1,2026-07-13 07:34:40-04:00,1.1
2026-07-13 11:34:42+00:00,568.0,1060.0,1628.0,2026-07-13 07:34:42-04:00,1.1
2026-07-13 11:34:44+00:00,568.0,1060.0,1628.0,2026-07-13 07:34:44-04:00,1.1
2026-07-13 11:34:46+00:00,568.0,1058.7,1626.7,2026-07-13 07:34:46-04:00,1.1
2026-07-13 11:34:48+00:00,568.0,1056.7,1624.7,2026-07-13 07:34:48-04:00,1.1
2026-07-13 11:34:50+00:00,567.2,1055.1,1622.3,2026-07-13 07:34:50-04:00,1.1
2026-07-13 11:34:52+00:00,568.0,1053.8,1621.8,2026-07-13 07:34:52-04:00,1.1
2026-07-13 11:34:54+00:00,567.7,1052.6,1620.3,2026-07-13 07:34:54-04:00,1.1
2026-07-13 11:34:56+00:00,567.7,1052.6,1620.3,2026-07-13 07:34:56-04:00,1.1
2026-07-13 11:40:26+00:00,555.8,1070.2,1626.0,2026-07-13 07:40:26-04:00,1.1
2026-07-13 11:40:28+00:00,556.0,1068.1,1624.1,2026-07-13 07:40:28-04:00,1.1
2026-07-13 11:40:30+00:00,556.0,1065.2,1621.2,2026-07-13 07:40:30-04:00,1.1
2026-07-13 11:40:32+00:00,556.0,1065.2,1621.2,2026-07-13 07:40:32-04:00,1.1
2026-07-13 11:40:34+00:00,554.9,1061.4,1616.3,2026-07-13 07:40:34-04:00,1.1
2026-07-13 11:40:36+00:00,554.8,1060.3,1615.1,2026-07-13 07:40:36-04:00,1.1
2026-07-13 11:40:38+00:00,555.4,1058.4,1613.8,2026-07-13 07:40:38-04:00,1.1
2026-07-13 11:40:40+00:00,555.2,1055.7,1610.9,2026-07-13 07:40:40-04:00,1.1
2026-07-13 11:40:42+00:00,555.2,1055.7,1610.9,2026-07-13 07:40:42-04:00,1.1
2026-07-13 11:40:44+00:00,555.3,1055.2,1610.5,2026-07-13 07:40:44-04:00,1.1
2026-07-13 11:46:18+00:00,552.7,1066.7,1619.4,2026-07-13 07:46:18-04:00,1.1
2026-07-13 11:46:20+00:00,552.7,1066.7,1619.4,2026-07-13 07:46:20-04:00,1.1
2026-07-13 11:46:22+00:00,552.9,1064.8,1617.7,2026-07-13 07:46:22-04:00,1.1
2026-07-13 11:46:24+00:00,553.8,1061.5,1615.3,2026-07-13 07:46:24-04:00,1.1
2026-07-13 11:46:26+00:00,553.8,1058.5,1612.3,2026-07-13 07:46:26-04:00,1.1
2026-07-13 11:46:28+00:00,553.9,1057.3,1611.2,2026-07-13 07:46:28-04:00,1.1
2026-07-13 11:46:30+00:00,553.9,1057.3,1611.2,2026-07-13 07:46:30-04:00,1.1
2026-07-13 11:46:32+00:00,553.7,1056.0,1609.7,2026-07-13 07:46:32-04:00,1.1
2026-07-13 11:46:34+00:00,552.6,1053.4,1606.0,2026-07-13 07:46:34-04:00,1.1
2026-07-13 11:46:36+00:00,552.9,1052.0,1604.9,2026-07-13 07:46:36-04:00,1.1
2026-07-15 11:12:04+00:00,564.4,1060.5,1624.9,2026-07-15 07:12:04-04:00,1.1
2026-07-15 11:12:06+00:00,564.4,1060.5,1624.9,2026-07-15 07:12:06-04:00,1.1
2026-07-15 11:12:08+00:00,564.2,1057.6,1621.8,2026-07-15 07:12:08-04:00,1.1
2026-07-15 11:12:10+00:00,565.2,1054.8,1620.0,2026-07-15 07:12:10-04:00,1.1
2026-07-15 11:12:12+00:00,564.1,1051.7,1615.8,2026-07-15 07:12:12-04:00,1.1
2026-07-15 11:12:14+00:00,564.1,1050.8,1614.9,2026-07-15 07:12:14-04:00,1.1
2026-07-15 11:12:16+00:00,564.1,1050.8,1614.9,2026-07-15 07:12:16-04:00,1.1
2026-07-15 11:12:18+00:00,566.9,1049.3,1616.2,2026-07-15 07:12:18-04:00,1.1
2026-07-15 11:12:20+00:00,567.7,1048.4,1616.1,2026-07-15 07:12:20-04:00,1.1
2026-07-15 11:12:22+00:00,567.3,1046.3,1613.6,2026-07-15 07:12:22-04:00,1.1
2026-07-15 11:18:00+00:00,566.0,1065.9,1631.9,2026-07-15 07:18:00-04:00,1.1
2026-07-15 11:18:02+00:00,566.0,1062.4,1628.4,2026-07-15 07:18:02-04:00,1.1
2026-07-15 11:18:04+00:00,566.0,1062.4,1628.4,2026-07-15 07:18:04-04:00,1.1
2026-07-15 11:18:06+00:00,566.6,1059.7,1626.3,2026-07-15 07:18:06-04:00,1.1
2026-07-15 11:18:08+00:00,566.8,1056.7,1623.5,2026-07-15 07:18:08-04:00,1.1
2026-07-15 11:18:10+00:00,566.5,1053.8,1620.3,2026-07-15 07:18:10-04:00,1.1
2026-07-15 11:18:12+00:00,566.2,1053.1,1619.3,2026-07-15 07:18:12-04:00,1.1
2026-07-15 11:18:14+00:00,566.2,1053.1,1619.3,2026-07-15 07:18:14-04:00,1.1
2026-07-15 11:18:16+00:00,566.4,1051.9,1618.3,2026-07-15 07:18:16-04:00,1.1
2026-07-15 11:18:18+00:00,565.9,1050.8,1616.7,2026-07-15 07:18:18-04:00,1.1
2026-07-15 11:23:52+00:00,561.6,1055.3,1616.9,2026-07-15 07:23:52-04:00,1.1
2026-07-15 11:23:54+00:00,561.2,1053.0,1614.2,2026-07-15 07:23:54-04:00,1.1
2026-07-15 11:23:56+00:00,560.9,1049.3,1610.2,2026-07-15 07:23:56-04:00,1.1
2026-07-15 11:23:58+00:00,560.6,1047.8,1608.4,2026-07-15 07:23:58-04:00,1.1
2026-07-15 11:24:00+00:00,560.7,1045.5,1606.2,2026-07-15 07:24:00-04:00,1.1
2026-07-15 11:24:02+00:00,560.7,1045.5,1606.2,2026-07-15 07:24:02-04:00,1.1
2026-07-15 11:24:04+00:00,561.4,1045.8,1607.2,2026-07-15 07:24:04-04:00,1.1
2026-07-15 11:24:06+00:00,561.1,1044.0,1605.1,2026-07-15 07:24:06-04:00,1.1
2026-07-15 11:24:08+00:00,561.9,1043.4,1605.3,2026-07-15 07:24:08-04:00,1.1
2026-07-15 11:29:28+00:00,559.9,1057.4,1617.3,2026-07-15 07:29:28-04:00,1.1
2026-07-15 11:29:30+00:00,559.9,1057.4,1617.3,2026-07-15 07:29:30-04:00,1.1
2026-07-15 11:29:32+00:00,559.8,1053.2,1613.0,2026-07-15 07:29:32-04:00,1.1
2026-07-15 11:29:34+00:00,559.3,1050.8,1610.1,2026-07-15 07:29:34-04:00,1.1
2026-07-15 11:29:36+00:00,560.3,1048.3,1608.6,2026-07-15 07:29:36-04:00,1.1
2026-07-15 11:29:38+00:00,560.4,1045.9,1606.3,2026-07-15 07:29:38-04:00,1.1
2026-07-15 11:29:40+00:00,560.4,1045.9,1606.3,2026-07-15 07:29:40-04:00,1.1
2026-07-15 11:29:42+00:00,559.9,1044.3,1604.2,2026-07-15 07:29:42-04:00,1.1
2026-07-15 11:29:44+00:00,559.6,1043.6,1603.2,2026-07-15 07:29:44-04:00,1.1
2026-07-15 11:29:46+00:00,559.8,1041.9,1601.7,2026-07-15 07:29:46-04:00,1.1
2026-07-16 10:54:00+00:00,2246.8,0.0,2246.8,2026-07-16 06:54:00-04:00,1.5
2026-07-16 10:54:02+00:00,2246.8,0.0,2246.8,2026-07-16 06:54:02-04:00,1.5
2026-07-16 11:38:32+00:00,1568.7,0.0,1568.7,2026-07-16 07:38:32-04:00,1.0
2026-07-17 08:25:30+00:00,1561.4,0.0,1561.4,2026-07-17 04:25:30-04:00,1.0
2026-07-18 10:19:04+00:00,1577.0,1069.5,2646.5,2026-07-18 06:19:04-04:00,1.8
2026-07-18 11:02:50+00:00,2246.3,3.9,2250.2,2026-07-18 07:02:50-04:00,1.5
2026-07-18 16:40:48+00:00,1527.9,4.1,1532.0,2026-07-18 12:40:48-04:00,1.0
2026-07-18 21:55:12+00:00,1517.5,3.8,1521.3,2026-07-18 17:55:12-04:00,1.0
2026-07-18 23:03:54+00:00,1521.4,3.4,1524.8,2026-07-18 19:03:54-04:00,1.0
2026-07-18 23:59:30+00:00,108.2,1427.9,1536.1,2026-07-18 19:59:30-04:00,1.0
2026-07-18 23:59:32+00:00,108.1,1414.3,1522.4,2026-07-18 19:59:32-04:00,1.0
2026-07-18 23:59:34+00:00,107.8,1416.5,1524.3,2026-07-18 19:59:34-04:00,1.0
2026-07-18 23:59:36+00:00,107.8,1416.5,1524.3,2026-07-18 19:59:36-04:00,1.0
2026-07-18 23:59:38+00:00,107.7,1414.3,1522.0,2026-07-18 19:59:38-04:00,1.0
2026-07-18 23:59:40+00:00,107.6,1413.5,1521.1,2026-07-18 19:59:40-04:00,1.0
2026-07-18 23:59:42+00:00,108.0,1412.2,1520.2,2026-07-18 19:59:42-04:00,1.0
2026-07-18 23:59:44+00:00,108.2,1413.1,1521.3,2026-07-18 19:59:44-04:00,1.0
2026-07-18 23:59:46+00:00,108.2,1413.1,1521.3,2026-07-18 19:59:46-04:00,1.0
2026-07-18 23:59:48+00:00,108.1,1412.9,1521.0,2026-07-18 19:59:48-04:00,1.0
2026-07-18 23:59:50+00:00,108.1,1408.3,1516.4,2026-07-18 19:59:50-04:00,1.0
2026-07-18 23:59:52+00:00,108.5,1412.8,1521.3,2026-07-18 19:59:52-04:00,1.0
2026-07-18 23:59:54+00:00,108.4,1410.7,1519.1,2026-07-18 19:59:54-04:00,1.0
2026-07-18 23:59:56+00:00,108.4,1410.7,1519.1,2026-07-18 19:59:56-04:00,1.0
2026-07-18 23:59:58+00:00,107.9,1411.9,1519.8,2026-07-18 19:59:58-04:00,1.0
2026-07-19 00:00:00+00:00,107.7,1410.8,1518.5,2026-07-18 20:00:00-04:00,1.0
2026-07-19 00:00:02+00:00,107.6,1410.7,1518.3,2026-07-18 20:00:02-04:00,1.0
2026-07-19 00:00:04+00:00,107.8,1410.4,1518.2,2026-07-18 20:00:04-04:00,1.0
2026-07-19 00:00:06+00:00,107.8,1410.4,1518.2,2026-07-18 20:00:06-04:00,1.0
2026-07-19 00:00:08+00:00,107.4,1410.0,1517.4,2026-07-18 20:00:08-04:00,1.0
2026-07-19 00:00:10+00:00,107.8,1409.4,1517.2,2026-07-18 20:00:10-04:00,1.0
2026-07-19 00:11:04+00:00,1555.7,8.8,1564.5,2026-07-18 20:11:04-04:00,1.0
2026-07-19 04:22:12+00:00,1546.5,4.0,1550.5,2026-07-19 00:22:12-04:00,1.0
2026-07-19 07:02:20+00:00,1683.8,4.0,1687.8,2026-07-19 03:02:20-04:00,1.1
2026-07-19 09:14:18+00:00,1593.7,1432.8,3026.5,2026-07-19 05:14:18-04:00,2.0
2026-07-19 09:14:20+00:00,1593.7,1432.8,3026.5,2026-07-19 05:14:20-04:00,2.0
2026-07-19 09:14:22+00:00,119.0,1433.3,1552.3,2026-07-19 05:14:22-04:00,1.0
2026-07-19 09:14:24+00:00,125.1,1433.0,1558.1,2026-07-19 05:14:24-04:00,1.0
2026-07-19 09:14:26+00:00,123.3,1431.9,1555.2,2026-07-19 05:14:26-04:00,1.0
2026-07-19 09:14:28+00:00,125.2,1431.5,1556.7,2026-07-19 05:14:28-04:00,1.0
2026-07-19 09:14:30+00:00,125.2,1431.5,1556.7,2026-07-19 05:14:30-04:00,1.0
2026-07-19 09:14:32+00:00,125.7,1431.2,1556.9,2026-07-19 05:14:32-04:00,1.0
2026-07-19 09:14:34+00:00,126.3,1432.5,1558.8,2026-07-19 05:14:34-04:00,1.0
2026-07-19 09:14:36+00:00,124.7,1432.8,1557.5,2026-07-19 05:14:36-04:00,1.0
2026-07-19 09:14:38+00:00,124.1,1430.0,1554.1,2026-07-19 05:14:38-04:00,1.0
2026-07-19 09:14:40+00:00,124.1,1430.0,1554.1,2026-07-19 05:14:40-04:00,1.0
2026-07-19 09:14:42+00:00,126.2,1428.7,1554.9,2026-07-19 05:14:42-04:00,1.0
2026-07-19 09:14:44+00:00,126.4,1428.8,1555.2,2026-07-19 05:14:44-04:00,1.0
2026-07-19 09:14:46+00:00,125.1,1428.3,1553.4,2026-07-19 05:14:46-04:00,1.0
2026-07-19 09:14:48+00:00,124.1,1428.0,1552.1,2026-07-19 05:14:48-04:00,1.0
2026-07-19 09:14:50+00:00,124.1,1428.0,1552.1,2026-07-19 05:14:50-04:00,1.0
2026-07-19 09:14:52+00:00,123.7,1427.4,1551.1,2026-07-19 05:14:52-04:00,1.0
2026-07-19 09:14:54+00:00,122.8,1427.7,1550.5,2026-07-19 05:14:54-04:00,1.0
2026-07-19 09:14:56+00:00,122.4,1428.3,1550.7,2026-07-19 05:14:56-04:00,1.0
2026-07-19 09:14:58+00:00,123.2,1427.0,1550.2,2026-07-19 05:14:58-04:00,1.0
2026-07-19 09:15:00+00:00,123.2,1427.0,1550.2,2026-07-19 05:15:00-04:00,1.0
2026-07-19 09:15:02+00:00,123.3,1426.7,1550.0,2026-07-19 05:15:02-04:00,1.0
2026-07-19 09:15:04+00:00,123.1,1426.7,1549.8,2026-07-19 05:15:04-04:00,1.0
2026-07-19 09:15:06+00:00,122.6,1427.1,1549.7,2026-07-19 05:15:06-04:00,1.0
2026-07-19 09:15:08+00:00,122.2,1427.8,1550.0,2026-07-19 05:15:08-04:00,1.0
2026-07-19 09:15:10+00:00,122.2,1427.8,1550.0,2026-07-19 05:15:10-04:00,1.0
2026-07-19 09:15:12+00:00,121.7,1427.0,1548.7,2026-07-19 05:15:12-04:00,1.0
2026-07-19 09:15:14+00:00,121.0,1426.4,1547.4,2026-07-19 05:15:14-04:00,1.0
2026-07-19 09:15:16+00:00,121.0,1427.2,1548.2,2026-07-19 05:15:16-04:00,1.0
2026-07-19 09:15:18+00:00,121.4,1426.9,1548.3,2026-07-19 05:15:18-04:00,1.0
2026-07-19 09:15:20+00:00,121.4,1426.9,1548.3,2026-07-19 05:15:20-04:00,1.0
2026-07-19 09:15:22+00:00,121.1,1427.4,1548.5,2026-07-19 05:15:22-04:00,1.0
2026-07-19 09:15:24+00:00,121.1,1425.3,1546.4,2026-07-19 05:15:24-04:00,1.0
2026-07-19 09:15:26+00:00,120.6,1425.8,1546.4,2026-07-19 05:15:26-04:00,1.0
2026-07-19 09:15:28+00:00,119.6,1425.0,1544.6,2026-07-19 05:15:28-04:00,1.0
2026-07-19 09:15:30+00:00,119.5,1425.5,1545.0,2026-07-19 05:15:30-04:00,1.0
2026-07-19 09:15:32+00:00,119.5,1425.5,1545.0,2026-07-19 05:15:32-04:00,1.0
2026-07-19 09:15:34+00:00,119.2,1426.9,1546.1,2026-07-19 05:15:34-04:00,1.0
2026-07-19 09:15:36+00:00,119.1,1426.4,1545.5,2026-07-19 05:15:36-04:00,1.0
2026-07-19 09:15:38+00:00,118.9,1424.3,1543.2,2026-07-19 05:15:38-04:00,1.0
2026-07-19 09:16:48+00:00,111.2,1425.8,1537.0,2026-07-19 05:16:48-04:00,1.0
2026-07-19 09:16:50+00:00,111.6,1424.8,1536.4,2026-07-19 05:16:50-04:00,1.0
2026-07-19 09:16:52+00:00,111.6,1424.8,1536.4,2026-07-19 05:16:52-04:00,1.0
2026-07-19 09:16:54+00:00,111.0,1423.6,1534.6,2026-07-19 05:16:54-04:00,1.0
2026-07-19 09:16:56+00:00,110.8,1423.8,1534.6,2026-07-19 05:16:56-04:00,1.0
2026-07-19 09:16:58+00:00,110.9,1423.6,1534.5,2026-07-19 05:16:58-04:00,1.0
2026-07-19 09:17:46+00:00,110.0,1432.1,1542.1,2026-07-19 05:17:46-04:00,1.0
2026-07-19 09:17:48+00:00,109.8,1427.0,1536.8,2026-07-19 05:17:48-04:00,1.0
2026-07-19 09:17:50+00:00,110.5,1428.0,1538.5,2026-07-19 05:17:50-04:00,1.0
2026-07-19 09:17:52+00:00,110.4,1429.0,1539.4,2026-07-19 05:17:52-04:00,1.0
2026-07-19 09:17:54+00:00,110.4,1429.0,1539.4,2026-07-19 05:17:54-04:00,1.0
2026-07-19 09:17:56+00:00,110.0,1427.6,1537.6,2026-07-19 05:17:56-04:00,1.0
2026-07-19 09:17:58+00:00,109.6,1427.5,1537.1,2026-07-19 05:17:58-04:00,1.0
2026-07-19 09:18:00+00:00,108.7,1425.6,1534.3,2026-07-19 05:18:00-04:00,1.0
2026-07-19 09:18:02+00:00,108.8,1425.5,1534.3,2026-07-19 05:18:02-04:00,1.0
2026-07-19 09:18:04+00:00,108.8,1425.5,1534.3,2026-07-19 05:18:04-04:00,1.0
2026-07-19 10:14:46+00:00,103.0,1410.7,1513.7,2026-07-19 06:14:46-04:00,1.0
2026-07-19 10:14:48+00:00,102.3,1744.8,1847.1,2026-07-19 06:14:48-04:00,1.2
2026-07-19 10:14:50+00:00,102.3,1744.8,1847.1,2026-07-19 06:14:50-04:00,1.2
2026-07-19 10:16:16+00:00,102.4,1736.6,1839.0,2026-07-19 06:16:16-04:00,1.2
2026-07-19 10:16:18+00:00,102.1,1404.7,1506.8,2026-07-19 06:16:18-04:00,1.0
2026-07-19 10:17:28+00:00,101.7,1744.3,1846.0,2026-07-19 06:17:28-04:00,1.2
2026-07-19 10:17:30+00:00,101.6,1411.2,1512.8,2026-07-19 06:17:30-04:00,1.0
2026-07-19 10:18:56+00:00,101.6,1743.2,1844.8,2026-07-19 06:18:56-04:00,1.2
2026-07-19 10:20:02+00:00,101.6,1404.9,1506.5,2026-07-19 06:20:02-04:00,1.0
2026-07-19 10:21:24+00:00,101.2,1409.0,1510.2,2026-07-19 06:21:24-04:00,1.0
2026-07-19 10:22:40+00:00,100.9,1745.8,1846.7,2026-07-19 06:22:40-04:00,1.2
2026-07-19 10:22:42+00:00,100.7,1744.9,1845.6,2026-07-19 06:22:42-04:00,1.2
2026-07-19 10:26:42+00:00,7.6,1742.5,1750.1,2026-07-19 06:26:42-04:00,1.2
2026-07-19 11:04:10+00:00,101.8,1743.1,1844.9,2026-07-19 07:04:10-04:00,1.2
2026-07-19 11:04:12+00:00,102.2,1740.1,1842.3,2026-07-19 07:04:12-04:00,1.2
2026-07-19 11:04:14+00:00,102.2,1740.1,1842.3,2026-07-19 07:04:14-04:00,1.2
2026-07-19 11:10:08+00:00,8.6,1754.6,1763.2,2026-07-19 07:10:08-04:00,1.2
2026-07-19 11:31:38+00:00,1569.2,368.5,1937.7,2026-07-19 07:31:38-04:00,1.3
2026-07-19 11:31:40+00:00,1569.2,368.5,1937.7,2026-07-19 07:31:40-04:00,1.3
2026-07-19 12:26:38+00:00,105.9,1411.0,1516.9,2026-07-19 08:26:38-04:00,1.0
2026-07-19 12:26:40+00:00,106.2,1408.3,1514.5,2026-07-19 08:26:40-04:00,1.0
2026-07-19 14:37:22+00:00,1534.4,7.7,1542.1,2026-07-19 10:37:22-04:00,1.0
2026-07-20 05:14:38+00:00,1583.6,3.4,1587.0,2026-07-20 01:14:38-04:00,1.1
2026-07-21 10:37:50+00:00,1570.8,0.0,1570.8,2026-07-21 06:37:50-04:00,1.0
2026-07-22 10:33:44+00:00,1555.5,0.0,1555.5,2026-07-22 06:33:44-04:00,1.0
2026-07-22 10:33:46+00:00,1555.5,0.0,1555.5,2026-07-22 06:33:46-04:00,1.0
2026-07-25 18:17:44+00:00,1514.3,3.8,1518.1,2026-07-25 14:17:44-04:00,1.0
2026-07-26 10:18:38+00:00,559.5,1075.8,1635.3,2026-07-26 06:18:38-04:00,1.1
2026-07-26 10:18:40+00:00,559.5,1075.8,1635.3,2026-07-26 06:18:40-04:00,1.1
2026-07-26 10:52:58+00:00,2331.1,0.0,2331.1,2026-07-26 06:52:58-04:00,1.6
2026-07-26 11:30:44+00:00,2221.4,3.9,2225.3,2026-07-26 07:30:44-04:00,1.5
2026-07-26 14:17:04+00:00,1552.9,4.0,1556.9,2026-07-26 10:17:04-04:00,1.0
2026-07-26 15:00:08+00:00,2200.3,4.2,2204.5,2026-07-26 11:00:08-04:00,1.5
2026-07-26 15:00:10+00:00,2200.3,4.2,2204.5,2026-07-26 11:00:10-04:00,1.5
2026-07-26 15:43:08+00:00,1514.9,4.0,1518.9,2026-07-26 11:43:08-04:00,1.0
2026-07-26 15:43:10+00:00,1514.9,4.0,1518.9,2026-07-26 11:43:10-04:00,1.0
2026-07-27 10:15:50+00:00,1599.9,1072.1,2672.0,2026-07-27 06:15:50-04:00,1.8
2026-07-27 10:55:56+00:00,2277.8,0.0,2277.8,2026-07-27 06:55:56-04:00,1.5
2026-07-27 11:37:12+00:00,1557.8,3.8,1561.6,2026-07-27 07:37:12-04:00,1.0
2026-07-27 11:37:14+00:00,1557.8,3.8,1561.6,2026-07-27 07:37:14-04:00,1.0
2026-07-28 10:57:20+00:00,1544.7,0.0,1544.7,2026-07-28 06:57:20-04:00,1.0
2026-07-29 11:22:38+00:00,2161.6,0.0,2161.6,2026-07-29 07:22:38-04:00,1.4
2026-07-29 11:22:40+00:00,2161.6,0.0,2161.6,2026-07-29 07:22:40-04:00,1.4
2026-07-29 16:07:56+00:00,2023.6,3.8,2027.4,2026-07-29 12:07:56-04:00,1.4
2026-07-29 16:07:58+00:00,2023.6,3.8,2027.4,2026-07-29 12:07:58-04:00,1.4
2026-07-30 10:45:36+00:00,2272.5,3.9,2276.4,2026-07-30 06:45:36-04:00,1.5
2026-08-02 11:27:28+00:00,1553.9,0.0,1553.9,2026-08-02 07:27:28-04:00,1.0
2026-08-03 14:06:46+00:00,1500.8,4.2,1505.0,2026-08-03 10:06:46-04:00,1.0
2026-08-03 14:06:48+00:00,1500.8,4.2,1505.0,2026-08-03 10:06:48-04:00,1.0
2026-08-03 15:37:38+00:00,1935.4,4.5,1939.9,2026-08-03 11:37:38-04:00,1.3
2026-08-03 15:37:40+00:00,1935.4,4.5,1939.9,2026-08-03 11:37:40-04:00,1.3
2026-08-03 16:22:06+00:00,1526.8,0.0,1526.8,2026-08-03 12:22:06-04:00,1.0
2026-08-03 16:22:08+00:00,1526.8,0.0,1526.8,2026-08-03 12:22:08-04:00,1.0
2026-08-03 16:56:30+00:00,2234.5,0.0,2234.5,2026-08-03 12:56:30-04:00,1.5
2026-08-03 16:56:32+00:00,2234.5,0.0,2234.5,2026-08-03 12:56:32-04:00,1.5
2026-08-04 10:38:04+00:00,1574.9,0.0,1574.9,2026-08-04 06:38:04-04:00,1.0
2026-08-04 11:21:10+00:00,1573.1,3.9,1577.0,2026-08-04 07:21:10-04:00,1.0
2026-08-04 11:21:12+00:00,1573.1,3.9,1577.0,2026-08-04 07:21:12-04:00,1.0
2026-08-07 17:37:50+00:00,1500.4,4.0,1504.4,2026-08-07 13:37:50-04:00,1.0
2026-08-07 17:37:52+00:00,1500.4,4.0,1504.4,2026-08-07 13:37:52-04:00,1.0
2026-08-08 10:22:54+00:00,98.6,1403.3,1501.9,2026-08-08 06:22:54-04:00,1.0
2026-08-08 10:50:14+00:00,1617.2,6.6,1623.8,2026-08-08 06:50:14-04:00,1.1
2026-08-08 10:50:16+00:00,1617.2,6.6,1623.8,2026-08-08 06:50:16-04:00,1.1
2026-08-08 19:50:16+00:00,2061.1,3.6,2064.7,2026-08-08 15:50:16-04:00,1.4
2026-08-08 20:38:32+00:00,2029.4,3.8,2033.2,2026-08-08 16:38:32-04:00,1.4
2026-08-08 20:38:34+00:00,2029.4,3.8,2033.2,2026-08-08 16:38:34-04:00,1.4
2026-08-09 06:21:40+00:00,2219.2,4.0,2223.2,2026-08-09 02:21:40-04:00,1.5
2026-08-09 08:44:36+00:00,1531.9,3.5,1535.4,2026-08-09 04:44:36-04:00,1.0
2026-08-09 09:31:16+00:00,1555.1,3.4,1558.5,2026-08-09 05:31:16-04:00,1.0
2026-08-09 11:52:32+00:00,1554.5,3.8,1558.3,2026-08-09 07:52:32-04:00,1.0
2026-08-09 12:40:30+00:00,1507.4,3.8,1511.2,2026-08-09 08:40:30-04:00,1.0
2026-08-09 14:15:52+00:00,2106.4,3.9,2110.3,2026-08-09 10:15:52-04:00,1.4
2026-08-09 20:48:32+00:00,2065.4,3.8,2069.2,2026-08-09 16:48:32-04:00,1.4
2026-08-09 22:31:20+00:00,2093.9,4.1,2098.0,2026-08-09 18:31:20-04:00,1.4
2026-08-10 00:15:04+00:00,2070.4,3.8,2074.2,2026-08-09 20:15:04-04:00,1.4
2026-08-10 00:15:06+00:00,2070.4,3.8,2074.2,2026-08-09 20:15:06-04:00,1.4
2026-08-10 04:37:18+00:00,1542.2,4.1,1546.3,2026-08-10 00:37:18-04:00,1.0
2026-08-10 05:30:28+00:00,2242.8,4.1,2246.9,2026-08-10 01:30:28-04:00,1.5
2026-08-10 09:54:42+00:00,1564.3,3.7,1568.0,2026-08-10 05:54:42-04:00,1.0
2026-08-10 12:28:26+00:00,1537.8,4.3,1542.1,2026-08-10 08:28:26-04:00,1.0
2026-08-10 13:18:30+00:00,1531.9,4.1,1536.0,2026-08-10 09:18:30-04:00,1.0
2026-08-10 19:21:00+00:00,2074.1,3.9,2078.0,2026-08-10 15:21:00-04:00,1.4
2026-08-10 21:15:36+00:00,1541.9,3.8,1545.7,2026-08-10 17:15:36-04:00,1.0
2026-08-11 05:31:02+00:00,1553.0,4.1,1557.1,2026-08-11 01:31:02-04:00,1.0
2026-08-11 05:31:04+00:00,1553.0,4.1,1557.1,2026-08-11 01:31:04-04:00,1.0
2026-08-11 06:28:16+00:00,1779.3,4.2,1783.5,2026-08-11 02:28:16-04:00,1.2
2026-08-11 09:16:52+00:00,1528.8,3.8,1532.6,2026-08-11 05:16:52-04:00,1.0
2026-08-11 10:12:02+00:00,1539.8,3.8,1543.6,2026-08-11 06:12:02-04:00,1.0
2026-08-11 12:01:06+00:00,1532.8,4.0,1536.8,2026-08-11 08:01:06-04:00,1.0
2026-08-11 18:12:34+00:00,2139.6,4.0,2143.6,2026-08-11 14:12:34-04:00,1.4
2026-08-11 18:12:36+00:00,2139.6,4.0,2143.6,2026-08-11 14:12:36-04:00,1.4
2026-08-12 06:25:38+00:00,1537.7,4.1,1541.8,2026-08-12 02:25:38-04:00,1.0
2026-08-12 08:09:02+00:00,1559.0,3.9,1562.9,2026-08-12 04:09:02-04:00,1.0
2026-08-12 09:00:46+00:00,1545.1,3.8,1548.9,2026-08-12 05:00:46-04:00,1.0
2026-08-12 09:51:48+00:00,1555.0,4.0,1559.0,2026-08-12 05:51:48-04:00,1.0
2026-08-12 13:14:10+00:00,2145.5,4.0,2149.5,2026-08-12 09:14:10-04:00,1.4
2026-08-12 15:44:24+00:00,1500.7,3.4,1504.1,2026-08-12 11:44:24-04:00,1.0
2026-08-12 16:35:02+00:00,1582.5,4.1,1586.6,2026-08-12 12:35:02-04:00,1.1
2026-08-12 18:16:30+00:00,1623.2,4.2,1627.4,2026-08-12 14:16:30-04:00,1.1
2026-08-12 20:49:50+00:00,1769.1,3.7,1772.8,2026-08-12 16:49:50-04:00,1.2
2026-08-12 23:24:20+00:00,1515.3,3.9,1519.2,2026-08-12 19:24:20-04:00,1.0
2026-08-12 23:24:22+00:00,1515.3,3.9,1519.2,2026-08-12 19:24:22-04:00,1.0
2026-08-13 00:16:12+00:00,1502.7,4.1,1506.8,2026-08-12 20:16:12-04:00,1.0
2026-08-13 02:53:20+00:00,1527.5,4.0,1531.5,2026-08-12 22:53:20-04:00,1.0
2026-08-13 06:22:42+00:00,1532.9,3.7,1536.6,2026-08-13 02:22:42-04:00,1.0
2026-08-13 09:50:42+00:00,1564.9,3.9,1568.8,2026-08-13 05:50:42-04:00,1.0
2026-08-13 13:14:46+00:00,1512.4,4.3,1516.7,2026-08-13 09:14:46-04:00,1.0
2026-08-13 14:55:44+00:00,1525.3,3.4,1528.7,2026-08-13 10:55:44-04:00,1.0
2026-08-13 21:47:04+00:00,2087.1,3.6,2090.7,2026-08-13 17:47:04-04:00,1.4
2026-08-14 03:03:24+00:00,1801.1,4.0,1805.1,2026-08-13 23:03:24-04:00,1.2
2026-08-14 03:03:26+00:00,1801.1,4.0,1805.1,2026-08-13 23:03:26-04:00,1.2
2026-08-14 04:49:20+00:00,1561.6,3.5,1565.1,2026-08-14 00:49:20-04:00,1.0
2026-08-14 07:26:42+00:00,1554.0,4.1,1558.1,2026-08-14 03:26:42-04:00,1.0
2026-08-14 07:26:44+00:00,1554.0,4.1,1558.1,2026-08-14 03:26:44-04:00,1.0
2026-08-14 10:52:46+00:00,2218.8,4.5,2223.3,2026-08-14 06:52:46-04:00,1.5
2026-08-14 10:52:48+00:00,2218.8,4.5,2223.3,2026-08-14 06:52:48-04:00,1.5
2026-08-14 14:15:00+00:00,1500.9,3.8,1504.7,2026-08-14 10:15:00-04:00,1.0
2026-08-14 14:15:02+00:00,1500.9,3.8,1504.7,2026-08-14 10:15:02-04:00,1.0
2026-08-14 15:56:08+00:00,2206.5,4.2,2210.7,2026-08-14 11:56:08-04:00,1.5
2026-08-14 16:45:18+00:00,1503.6,4.1,1507.7,2026-08-14 12:45:18-04:00,1.0
2026-08-14 21:03:26+00:00,1496.7,3.7,1500.4,2026-08-14 17:03:26-04:00,1.0
2026-08-14 21:03:28+00:00,1496.7,3.7,1500.4,2026-08-14 17:03:28-04:00,1.0
2026-08-14 22:49:48+00:00,1508.9,4.0,1512.9,2026-08-14 18:49:48-04:00,1.0
2026-08-15 08:22:08+00:00,1581.3,3.8,1585.1,2026-08-15 04:22:08-04:00,1.1
2026-08-15 09:59:52+00:00,1556.6,4.1,1560.7,2026-08-15 05:59:52-04:00,1.0
2026-08-15 10:51:40+00:00,1569.4,3.9,1573.3,2026-08-15 06:51:40-04:00,1.0
2026-08-15 15:41:46+00:00,2194.8,4.0,2198.8,2026-08-15 11:41:46-04:00,1.5
2026-08-15 15:41:48+00:00,2194.8,4.0,2198.8,2026-08-15 11:41:48-04:00,1.5
2026-08-15 17:20:42+00:00,2198.5,4.0,2202.5,2026-08-15 13:20:42-04:00,1.5
2026-08-15 19:48:24+00:00,2117.0,3.9,2120.9,2026-08-15 15:48:24-04:00,1.4
2026-08-15 19:48:26+00:00,2117.0,3.9,2120.9,2026-08-15 15:48:26-04:00,1.4
2026-08-15 20:36:38+00:00,2008.1,3.8,2011.9,2026-08-15 16:36:38-04:00,1.3
2026-08-15 21:25:02+00:00,1610.5,4.2,1614.7,2026-08-15 17:25:02-04:00,1.1
2026-08-15 21:25:04+00:00,1610.5,4.2,1614.7,2026-08-15 17:25:04-04:00,1.1
2026-08-15 22:17:12+00:00,1499.4,3.8,1503.2,2026-08-15 18:17:12-04:00,1.0
2026-08-16 02:22:02+00:00,1544.7,3.8,1548.5,2026-08-15 22:22:02-04:00,1.0
2026-08-16 03:10:30+00:00,1548.1,3.6,1551.7,2026-08-15 23:10:30-04:00,1.0
2026-08-16 07:12:08+00:00,1591.6,3.9,1595.5,2026-08-16 03:12:08-04:00,1.1
2026-08-16 07:12:10+00:00,1591.6,3.9,1595.5,2026-08-16 03:12:10-04:00,1.1
2026-08-16 07:59:08+00:00,1618.5,3.9,1622.4,2026-08-16 03:59:08-04:00,1.1
2026-08-16 08:46:22+00:00,1567.4,4.4,1571.8,2026-08-16 04:46:22-04:00,1.0
2026-08-16 08:46:24+00:00,1567.4,4.4,1571.8,2026-08-16 04:46:24-04:00,1.0
2026-08-16 10:19:20+00:00,2281.9,4.2,2286.1,2026-08-16 06:19:20-04:00,1.5
2026-08-16 10:19:22+00:00,2281.9,4.2,2286.1,2026-08-16 06:19:22-04:00,1.5
2026-08-16 16:25:50+00:00,1705.2,3.6,1708.8,2026-08-16 12:25:50-04:00,1.1
2026-08-16 17:32:28+00:00,1590.8,3.7,1594.5,2026-08-16 13:32:28-04:00,1.1
2026-08-16 20:23:14+00:00,1507.0,3.7,1510.7,2026-08-16 16:23:14-04:00,1.0
2026-08-16 21:23:50+00:00,1501.3,3.8,1505.1,2026-08-16 17:23:50-04:00,1.0
2026-08-16 21:23:52+00:00,1501.3,3.8,1505.1,2026-08-16 17:23:52-04:00,1.0
2026-08-16 22:22:18+00:00,2194.4,3.8,2198.2,2026-08-16 18:22:18-04:00,1.5
2026-08-16 22:22:20+00:00,2194.4,3.8,2198.2,2026-08-16 18:22:20-04:00,1.5
2026-08-17 00:14:54+00:00,1553.3,4.1,1557.4,2026-08-16 20:14:54-04:00,1.0
2026-08-17 00:14:56+00:00,1553.3,4.1,1557.4,2026-08-16 20:14:56-04:00,1.0
2026-08-17 01:10:20+00:00,1529.7,4.3,1534.0,2026-08-16 21:10:20-04:00,1.0
2026-08-17 01:10:22+00:00,1529.7,4.3,1534.0,2026-08-16 21:10:22-04:00,1.0
2026-08-17 05:40:28+00:00,1561.5,4.0,1565.5,2026-08-17 01:40:28-04:00,1.0
2026-08-17 09:09:40+00:00,1541.5,3.7,1545.2,2026-08-17 05:09:40-04:00,1.0
2026-08-17 09:09:42+00:00,1541.5,3.7,1545.2,2026-08-17 05:09:42-04:00,1.0
2026-08-17 10:01:12+00:00,1554.2,3.9,1558.1,2026-08-17 06:01:12-04:00,1.0
2026-08-17 10:52:12+00:00,1549.0,3.9,1552.9,2026-08-17 06:52:12-04:00,1.0
2026-08-17 11:42:48+00:00,1541.8,3.9,1545.7,2026-08-17 07:42:48-04:00,1.0
2026-08-17 13:23:20+00:00,1553.8,3.9,1557.7,2026-08-17 09:23:20-04:00,1.0
2026-08-17 13:23:22+00:00,1553.8,3.9,1557.7,2026-08-17 09:23:22-04:00,1.0
2026-08-17 18:19:48+00:00,1518.4,4.0,1522.4,2026-08-17 14:19:48-04:00,1.0
2026-08-17 18:19:50+00:00,1518.4,4.0,1522.4,2026-08-17 14:19:50-04:00,1.0
2026-08-17 19:57:08+00:00,1971.9,4.3,1976.2,2026-08-17 15:57:08-04:00,1.3
2026-08-17 19:57:10+00:00,1971.9,4.3,1976.2,2026-08-17 15:57:10-04:00,1.3
2026-08-17 20:45:22+00:00,1532.8,3.7,1536.5,2026-08-17 16:45:22-04:00,1.0
2026-08-17 21:33:40+00:00,1533.0,3.9,1536.9,2026-08-17 17:33:40-04:00,1.0
2026-08-17 22:21:56+00:00,1641.4,3.7,1645.1,2026-08-17 18:21:56-04:00,1.1
2026-08-18 04:46:12+00:00,1572.6,4.0,1576.6,2026-08-18 00:46:12-04:00,1.0
2026-08-18 06:20:30+00:00,1575.2,3.3,1578.5,2026-08-18 02:20:30-04:00,1.0
2026-08-18 07:07:42+00:00,2209.2,4.2,2213.4,2026-08-18 03:07:42-04:00,1.5
2026-08-18 10:14:04+00:00,2249.3,3.8,2253.1,2026-08-18 06:14:04-04:00,1.5
2026-08-18 11:45:54+00:00,1568.5,3.1,1571.6,2026-08-18 07:45:54-04:00,1.0
2026-08-18 13:17:48+00:00,1542.7,3.8,1546.5,2026-08-18 09:17:48-04:00,1.0
2026-08-18 18:40:40+00:00,1499.1,3.9,1503.0,2026-08-18 14:40:40-04:00,1.0
2026-08-19 02:19:50+00:00,1523.7,4.0,1527.7,2026-08-18 22:19:50-04:00,1.0
2026-08-19 02:19:52+00:00,1523.7,4.0,1527.7,2026-08-18 22:19:52-04:00,1.0
2026-08-19 07:58:40+00:00,1553.4,3.8,1557.2,2026-08-19 03:58:40-04:00,1.0
2026-08-19 08:45:32+00:00,1527.9,4.3,1532.2,2026-08-19 04:45:32-04:00,1.0
2026-08-19 09:31:44+00:00,1557.4,3.9,1561.3,2026-08-19 05:31:44-04:00,1.0
2026-08-19 10:17:40+00:00,1568.5,4.8,1573.3,2026-08-19 06:17:40-04:00,1.0
2026-08-19 12:43:14+00:00,1525.0,3.5,1528.5,2026-08-19 08:43:14-04:00,1.0
2026-08-19 19:08:58+00:00,2084.1,4.1,2088.2,2026-08-19 15:08:58-04:00,1.4
2026-08-19 19:09:00+00:00,2084.1,4.1,2088.2,2026-08-19 15:09:00-04:00,1.4
2026-08-21 10:32:10+00:00,1577.7,0.0,1577.7,2026-08-21 06:32:10-04:00,1.0
2026-08-24 10:43:08+00:00,2271.0,1057.2,3328.2,2026-08-24 06:43:08-04:00,2.2
2026-08-24 11:29:36+00:00,1949.4,0.0,1949.4,2026-08-24 07:29:36-04:00,1.3
2026-08-25 11:15:38+00:00,1556.5,0.0,1556.5,2026-08-25 07:15:38-04:00,1.0
2026-08-25 11:15:40+00:00,1556.5,0.0,1556.5,2026-08-25 07:15:40-04:00,1.0
