time_utc,fridge_W,coffee_W,sum_W
2026-08-24 10:40:08+00:00,7.8,1064.7,1072.5
2026-08-24 10:40:10+00:00,7.8,1064.2,1072.0
2026-08-24 10:40:12+00:00,7.8,1064.2,1072.0
2026-08-24 10:40:14+00:00,7.9,1064.6,1072.5
2026-08-24 10:40:16+00:00,7.9,1063.8,1071.7
2026-08-24 10:40:18+00:00,7.8,1063.0,1070.8
2026-08-24 10:40:20+00:00,7.8,1063.2,1071.0
2026-08-24 10:40:22+00:00,7.8,1063.2,1071.0
2026-08-24 10:40:24+00:00,7.9,1062.7,1070.6
2026-08-24 10:40:26+00:00,7.9,1063.6,1071.5
2026-08-24 10:40:28+00:00,7.7,1063.7,1071.4
2026-08-24 10:40:30+00:00,7.7,1063.9,1071.6
2026-08-24 10:40:32+00:00,7.7,1063.9,1071.6
2026-08-24 10:40:34+00:00,7.5,1064.2,1071.7
2026-08-24 10:40:36+00:00,7.7,1063.5,1071.2
2026-08-24 10:40:38+00:00,7.9,1063.2,1071.1
2026-08-24 10:40:40+00:00,8.2,1062.9,1071.1
2026-08-24 10:40:42+00:00,8.2,1062.9,1071.1
2026-08-24 10:40:44+00:00,8.3,4.1,12.4
2026-08-24 10:40:46+00:00,8.6,0.0,8.6
2026-08-24 10:40:48+00:00,8.6,0.0,8.6
2026-08-24 10:40:50+00:00,8.4,3.7,12.1
2026-08-24 10:40:52+00:00,8.4,3.7,12.1
2026-08-24 10:40:54+00:00,8.4,4.0,12.4
2026-08-24 10:40:56+00:00,8.7,0.0,8.7
2026-08-24 10:40:58+00:00,8.6,1073.7,1082.3
2026-08-24 10:41:00+00:00,8.5,1070.5,1079.0
2026-08-24 10:41:02+00:00,8.5,1070.5,1079.0
2026-08-24 10:41:04+00:00,8.0,1068.6,1076.6
2026-08-24 10:41:06+00:00,8.0,1067.2,1075.2
2026-08-24 10:41:08+00:00,7.7,1065.1,1072.8
2026-08-24 10:41:10+00:00,8.0,1065.5,1073.5
2026-08-24 10:41:12+00:00,8.0,1065.5,1073.5
2026-08-24 10:41:14+00:00,7.9,1065.7,1073.6
2026-08-24 10:41:16+00:00,8.4,1065.7,1074.1
2026-08-24 10:41:18+00:00,8.3,1063.8,1072.1
2026-08-24 10:41:20+00:00,8.5,1059.8,1068.3
2026-08-24 10:41:22+00:00,8.5,1059.8,1068.3
2026-08-24 10:41:24+00:00,8.2,1063.3,1071.5
2026-08-24 10:41:26+00:00,7.8,1062.9,1070.7
2026-08-24 10:41:28+00:00,7.8,1063.5,1071.3
2026-08-24 10:41:30+00:00,7.9,1062.4,1070.3
2026-08-24 10:41:32+00:00,7.8,1062.8,1070.6
2026-08-24 10:41:34+00:00,7.8,1062.8,1070.6
2026-08-24 10:41:36+00:00,7.9,1062.9,1070.8
2026-08-24 10:41:38+00:00,7.9,1062.7,1070.6
2026-08-24 10:41:40+00:00,8.0,1062.0,1070.0
2026-08-24 10:41:42+00:00,8.0,1062.1,1070.1
2026-08-24 10:41:44+00:00,8.0,1062.1,1070.1
2026-08-24 10:41:46+00:00,8.6,1061.9,1070.5
2026-08-24 10:41:48+00:00,8.5,1061.9,1070.4
2026-08-24 10:41:50+00:00,8.4,1061.7,1070.1
2026-08-24 10:41:52+00:00,8.2,1061.2,1069.4
2026-08-24 10:41:54+00:00,8.2,1061.2,1069.4
2026-08-24 10:41:56+00:00,8.0,1061.7,1069.7
2026-08-24 10:41:58+00:00,7.6,516.8,524.4
2026-08-24 10:42:00+00:00,7.9,0.0,7.9
2026-08-24 10:42:02+00:00,8.0,4.2,12.2
2026-08-24 10:42:04+00:00,8.0,4.2,12.2
2026-08-24 10:42:06+00:00,7.8,0.0,7.8
2026-08-24 10:42:08+00:00,7.9,0.0,7.9
2026-08-24 10:42:10+00:00,8.0,0.0,8.0
2026-08-24 10:42:12+00:00,8.1,1071.2,1079.3
2026-08-24 10:42:14+00:00,8.1,1071.2,1079.3
2026-08-24 10:42:16+00:00,8.1,1068.9,1077.0
2026-08-24 10:42:18+00:00,8.5,1066.4,1074.9
2026-08-24 10:42:20+00:00,8.4,1065.2,1073.6
2026-08-24 10:42:22+00:00,8.3,1065.3,1073.6
2026-08-24 10:42:24+00:00,8.3,1065.3,1073.6
2026-08-24 10:42:26+00:00,8.3,1064.1,1072.4
2026-08-24 10:42:28+00:00,8.4,1063.6,1072.0
2026-08-24 10:42:30+00:00,7.8,1063.1,1070.9
2026-08-24 10:42:32+00:00,7.9,1062.5,1070.4
2026-08-24 10:42:34+00:00,7.9,1062.5,1070.4
2026-08-24 10:42:36+00:00,7.7,1062.2,1069.9
2026-08-24 10:42:38+00:00,7.7,1061.3,1069.0
2026-08-24 10:42:40+00:00,7.8,1061.9,1069.7
2026-08-24 10:42:42+00:00,8.0,1061.1,1069.1
2026-08-24 10:42:44+00:00,8.0,1061.1,1069.1
2026-08-24 10:42:46+00:00,8.0,1061.0,1069.0
2026-08-24 10:42:48+00:00,8.1,1060.6,1068.7
2026-08-24 10:42:50+00:00,8.1,1060.6,1068.7
2026-08-24 10:42:52+00:00,8.0,1059.3,1067.3
2026-08-24 10:42:54+00:00,8.0,1059.3,1067.3
2026-08-24 10:42:56+00:00,8.0,1059.9,1067.9
2026-08-24 10:42:58+00:00,8.4,1060.2,1068.6
2026-08-24 10:43:00+00:00,8.4,1059.9,1068.3
2026-08-24 10:43:02+00:00,8.3,1059.4,1067.7
2026-08-24 10:43:04+00:00,8.3,1059.4,1067.7
2026-08-24 10:43:06+00:00,8.3,1058.8,1067.1
2026-08-24 10:43:08+00:00,2271.0,1057.2,3328.2
2026-08-24 10:43:10+00:00,113.7,1057.2,1170.9
2026-08-24 10:43:12+00:00,123.0,3.8,126.8
2026-08-24 10:43:14+00:00,123.0,3.8,126.8
2026-08-24 10:43:16+00:00,125.3,4.0,129.3
2026-08-24 10:43:18+00:00,125.0,0.0,125.0
2026-08-24 10:43:20+00:00,125.8,4.0,129.8
2026-08-24 10:43:22+00:00,125.4,0.0,125.4
2026-08-24 10:43:24+00:00,125.4,0.0,125.4
2026-08-24 10:43:26+00:00,125.4,0.0,125.4
2026-08-24 10:43:28+00:00,125.4,0.0,125.4
2026-08-24 10:43:30+00:00,125.0,0.0,125.0
2026-08-24 10:43:32+00:00,125.9,3.8,129.7
2026-08-24 10:43:34+00:00,125.9,3.8,129.7
2026-08-24 10:43:36+00:00,125.5,3.8,129.3
2026-08-24 10:43:38+00:00,123.9,0.0,123.9
2026-08-24 10:43:40+00:00,122.6,0.0,122.6
2026-08-24 10:43:42+00:00,122.8,0.0,122.8
2026-08-24 10:43:44+00:00,122.8,0.0,122.8
2026-08-24 10:43:46+00:00,122.7,3.8,126.5
2026-08-24 10:43:48+00:00,122.8,0.0,122.8
2026-08-24 10:43:50+00:00,123.0,0.0,123.0
2026-08-24 10:43:52+00:00,123.3,3.8,127.1
2026-08-24 10:43:54+00:00,123.3,3.8,127.1
2026-08-24 10:43:56+00:00,122.9,0.0,122.9
2026-08-24 10:43:58+00:00,122.5,0.0,122.5
2026-08-24 10:44:00+00:00,121.5,0.0,121.5
2026-08-24 10:44:02+00:00,121.0,4.3,125.3
2026-08-24 10:44:04+00:00,121.0,4.3,125.3
2026-08-24 10:44:06+00:00,121.3,3.8,125.1
2026-08-24 10:44:08+00:00,121.0,0.0,121.0
2026-08-24 10:44:10+00:00,120.8,0.0,120.8
2026-08-24 10:44:12+00:00,120.5,0.0,120.5
2026-08-24 10:44:14+00:00,120.5,0.0,120.5
2026-08-24 10:44:16+00:00,120.6,3.9,124.5
2026-08-24 10:44:18+00:00,120.3,3.9,124.2
2026-08-24 10:44:20+00:00,120.1,0.0,120.1
2026-08-24 10:44:22+00:00,119.7,0.0,119.7
2026-08-24 10:44:24+00:00,119.7,0.0,119.7
2026-08-24 10:44:26+00:00,119.5,0.0,119.5
2026-08-24 10:44:28+00:00,119.7,0.0,119.7
2026-08-24 10:44:30+00:00,118.9,0.0,118.9
2026-08-24 10:44:36+00:00,118.8,3.9,122.7
2026-08-24 10:44:38+00:00,117.9,0.0,117.9
2026-08-24 10:44:40+00:00,117.9,0.0,117.9
2026-08-24 10:44:42+00:00,117.3,0.0,117.3
2026-08-24 10:44:44+00:00,117.3,0.0,117.3
2026-08-24 10:44:46+00:00,116.2,4.0,120.2
2026-08-24 10:44:48+00:00,115.9,4.0,119.9
2026-08-24 10:44:50+00:00,115.2,0.0,115.2
2026-08-24 10:44:52+00:00,114.1,0.0,114.1
2026-08-24 10:44:54+00:00,114.1,0.0,114.1
2026-08-24 10:44:56+00:00,112.8,0.0,112.8
2026-08-24 10:44:58+00:00,113.2,0.0,113.2
2026-08-24 10:45:00+00:00,113.4,0.0,113.4
2026-08-24 10:45:20+00:00,111.3,3.9,115.2
2026-08-24 10:45:22+00:00,111.2,0.0,111.2
2026-08-24 10:45:24+00:00,111.2,0.0,111.2
2026-08-24 10:45:26+00:00,111.0,0.0,111.0
2026-08-24 10:45:28+00:00,111.3,0.0,111.3
2026-08-24 10:45:30+00:00,111.4,0.0,111.4
2026-08-24 10:45:32+00:00,111.6,0.0,111.6
2026-08-24 10:45:42+00:00,112.0,3.8,115.8
2026-08-24 10:45:44+00:00,112.0,3.8,115.8
2026-08-24 10:45:46+00:00,111.9,3.9,115.8
2026-08-24 10:45:48+00:00,111.0,4.1,115.1
2026-08-24 10:45:50+00:00,111.3,0.0,111.3
2026-08-24 10:45:52+00:00,111.3,0.0,111.3
2026-08-24 10:45:54+00:00,111.3,0.0,111.3
2026-08-24 10:45:56+00:00,111.5,0.0,111.5
2026-08-24 10:45:58+00:00,112.0,0.0,112.0
2026-08-24 10:46:00+00:00,111.9,0.0,111.9
