time_utc,hw_ah,own_ah,sw_charged_ah,sw_discharged_ah,sw_net_ah
2026-07-17 12:00:00+00:00,4.572425,4.584099,3.1e-05,0.000375,-0.000344
2026-07-17 13:00:00+00:00,4.565053,4.577891,3.1e-05,0.000375,-0.000344
2026-07-17 14:00:00+00:00,4.558494,4.571258,3.1e-05,0.000375,-0.000344
2026-07-17 15:00:00+00:00,4.55256,4.565134,3.1e-05,0.000375,-0.000344
2026-07-17 16:00:00+00:00,4.546056,4.558814,3.1e-05,0.000401,-0.000371
2026-07-17 17:00:00+00:00,4.539568,4.552465,3.1e-05,0.000401,-0.000371
2026-07-17 18:00:00+00:00,4.532649,4.545487,5.9e-05,0.000401,-0.000342
2026-07-17 19:00:00+00:00,-0.009989,4.534261,5.9e-05,0.000489,-0.00043
2026-07-17 20:00:00+00:00,-0.020376,4.523743,5.9e-05,0.000489,-0.00043
2026-07-17 21:00:00+00:00,-0.030635,4.513535,5.9e-05,0.000489,-0.00043
2026-07-17 22:00:00+00:00,-0.04092,4.503405,5.9e-05,0.000489,-0.00043
2026-07-17 23:00:00+00:00,-0.00216,4.493274,5.9e-05,0.000537,-0.000478
2026-07-18 00:00:00+00:00,-0.011776,4.483764,5.9e-05,0.000537,-0.000478
2026-07-18 01:00:00+00:00,-0.021114,4.474348,5.9e-05,0.000537,-0.000478
2026-07-18 02:00:00+00:00,-0.030658,4.464804,5.9e-05,0.000563,-0.000504
2026-07-18 03:00:00+00:00,-0.040141,4.455422,5.9e-05,0.000563,-0.000504
2026-07-18 04:00:00+00:00,-0.049586,4.446172,5.9e-05,0.000563,-0.000504
2026-07-18 05:00:00+00:00,-0.058682,4.43709,5.9e-05,0.000563,-0.000504
2026-07-18 06:00:00+00:00,-0.068117,4.427682,5.9e-05,0.000563,-0.000504
2026-07-18 07:00:00+00:00,-0.077844,4.417984,5.9e-05,0.000563,-0.000504
2026-07-18 08:00:00+00:00,-0.087174,4.40857,5.9e-05,0.000563,-0.000504
2026-07-18 09:00:00+00:00,-0.096742,4.399116,5.9e-05,0.000563,-0.000504
2026-07-18 10:00:00+00:00,-0.105922,4.389912,5.9e-05,0.000595,-0.000535
2026-07-18 11:00:00+00:00,-0.115281,4.380551,5.9e-05,0.000595,-0.000535
2026-07-18 12:00:00+00:00,-0.124628,4.371126,5.9e-05,0.000595,-0.000535
2026-07-18 13:00:00+00:00,-0.134068,4.361786,5.9e-05,0.000653,-0.000593
2026-07-18 14:00:00+00:00,-0.143215,4.352463,5.9e-05,0.000653,-0.000593
2026-07-18 15:00:00+00:00,-0.152288,4.343446,5.9e-05,0.000653,-0.000593
2026-07-18 16:00:00+00:00,-0.161405,4.334325,5.9e-05,0.000653,-0.000593
2026-07-18 17:00:00+00:00,-0.170372,4.325431,5.9e-05,0.000653,-0.000593
2026-07-18 18:00:00+00:00,-0.179593,4.316253,5.9e-05,0.000653,-0.000593
2026-07-18 19:00:00+00:00,-0.188964,4.306917,5.9e-05,0.000653,-0.000593
2026-07-18 20:00:00+00:00,-0.198455,4.297358,5.9e-05,0.000653,-0.000593
2026-07-18 21:00:00+00:00,-0.20724,4.288395,5.9e-05,0.000653,-0.000593
2026-07-18 22:00:00+00:00,-0.215842,4.279978,5.9e-05,0.000653,-0.000593
2026-07-18 23:00:00+00:00,-0.224731,4.271048,5.9e-05,0.000653,-0.000593
2026-07-19 00:00:00+00:00,-0.233751,4.262043,5.9e-05,0.000653,-0.000593
2026-07-19 01:00:00+00:00,-0.242808,4.25299,5.9e-05,0.000653,-0.000593
2026-07-19 02:00:00+00:00,-0.251873,4.243945,5.9e-05,0.000653,-0.000593
2026-07-19 03:00:00+00:00,-0.260669,4.235346,5.9e-05,0.000653,-0.000593
2026-07-19 04:00:00+00:00,-0.26959,4.226493,5.9e-05,0.000653,-0.000593
2026-07-19 05:00:00+00:00,-0.278398,4.217817,5.9e-05,0.000653,-0.000593
2026-07-19 06:00:00+00:00,-0.286839,4.209441,5.9e-05,0.000653,-0.000593
2026-07-19 07:00:00+00:00,-0.295334,4.200989,5.9e-05,0.000653,-0.000593
2026-07-19 08:00:00+00:00,-0.303931,4.192526,5.9e-05,0.000653,-0.000593
2026-07-19 09:00:00+00:00,-0.312189,4.184278,5.9e-05,0.000653,-0.000593
2026-07-19 10:00:00+00:00,-0.320733,4.175795,5.9e-05,0.000653,-0.000593
2026-07-19 11:00:00+00:00,-0.328993,4.167627,5.9e-05,0.000653,-0.000593
2026-07-19 12:00:00+00:00,-0.337705,4.15875,5.9e-05,0.000653,-0.000593
2026-07-19 13:00:00+00:00,-0.346342,4.150185,5.9e-05,0.000653,-0.000593
2026-07-19 14:00:00+00:00,-0.354798,4.141704,5.9e-05,0.000653,-0.000593
2026-07-19 15:00:00+00:00,-0.363317,4.133118,5.9e-05,0.000653,-0.000593
2026-07-19 16:00:00+00:00,-0.371873,4.124498,5.9e-05,0.000653,-0.000593
2026-07-19 17:00:00+00:00,-0.380685,4.115635,5.9e-05,0.000653,-0.000593
2026-07-19 18:00:00+00:00,-0.389594,4.106691,5.9e-05,0.000653,-0.000593
2026-07-19 19:00:00+00:00,-0.397899,4.098298,5.9e-05,0.000653,-0.000593
2026-07-19 20:00:00+00:00,-0.406053,4.090193,5.9e-05,0.000653,-0.000593
2026-07-19 21:00:00+00:00,-0.414019,4.082304,5.9e-05,0.000653,-0.000593
2026-07-19 22:00:00+00:00,-0.421832,4.074556,5.9e-05,0.000653,-0.000593
2026-07-19 23:00:00+00:00,-0.42972,4.066884,5.9e-05,0.000653,-0.000593
2026-07-20 00:00:00+00:00,-0.437643,4.058988,5.9e-05,0.000653,-0.000593
2026-07-20 01:00:00+00:00,-0.445832,4.050852,5.9e-05,0.000653,-0.000593
2026-07-20 02:00:00+00:00,-0.454249,4.042446,5.9e-05,0.000653,-0.000593
2026-07-20 03:00:00+00:00,-0.462388,4.034432,5.9e-05,0.000653,-0.000593
2026-07-20 04:00:00+00:00,-0.470355,4.026449,5.9e-05,0.000653,-0.000593
2026-07-20 05:00:00+00:00,-0.477984,4.018906,5.9e-05,0.000653,-0.000593
2026-07-20 06:00:00+00:00,-0.486019,4.010965,5.9e-05,0.000653,-0.000593
2026-07-20 07:00:00+00:00,-0.493947,4.003036,5.9e-05,0.000653,-0.000593
2026-07-20 08:00:00+00:00,-0.501658,3.995277,5.9e-05,0.000653,-0.000593
2026-07-20 09:00:00+00:00,-0.509157,3.987775,5.9e-05,0.000653,-0.000593
2026-07-20 10:00:00+00:00,-0.516947,3.980091,5.9e-05,0.000653,-0.000593
2026-07-20 11:00:00+00:00,-0.524703,3.97235,5.9e-05,0.000653,-0.000593
2026-07-20 12:00:00+00:00,-0.532634,3.964375,5.9e-05,0.000653,-0.000593
2026-07-20 13:00:00+00:00,-0.540468,3.956544,5.9e-05,0.000653,-0.000593
2026-07-20 14:00:00+00:00,-0.548214,3.948829,5.9e-05,0.000653,-0.000593
2026-07-20 15:00:00+00:00,-0.555609,3.941426,5.9e-05,0.000653,-0.000593
2026-07-20 16:00:00+00:00,-0.563385,3.933713,5.9e-05,0.000653,-0.000593
2026-07-20 17:00:00+00:00,-0.570783,3.926447,5.9e-05,0.000653,-0.000593
2026-07-20 18:00:00+00:00,-0.578718,3.918535,5.9e-05,0.000653,-0.000593
2026-07-20 19:00:00+00:00,-0.585763,3.911621,5.9e-05,0.000653,-0.000593
2026-07-20 20:00:00+00:00,-0.592665,3.904844,5.9e-05,0.000653,-0.000593
2026-07-20 21:00:00+00:00,-0.599389,3.898106,5.9e-05,0.000653,-0.000593
2026-07-20 22:00:00+00:00,-0.605608,3.892009,5.9e-05,0.000653,-0.000593
2026-07-20 23:00:00+00:00,-0.612297,3.885372,5.9e-05,0.000653,-0.000593
2026-07-21 00:00:00+00:00,-0.618956,3.878769,5.9e-05,0.000653,-0.000593
2026-07-21 01:00:00+00:00,-0.625675,3.872122,5.9e-05,0.000653,-0.000593
2026-07-21 02:00:00+00:00,-0.632435,3.8654,5.9e-05,0.000653,-0.000593
2026-07-21 03:00:00+00:00,-0.639669,3.85837,5.9e-05,0.000653,-0.000593
2026-07-21 04:00:00+00:00,-0.647036,3.850959,5.9e-05,0.000653,-0.000593
2026-07-21 05:00:00+00:00,-0.654292,3.843852,5.9e-05,0.000653,-0.000593
2026-07-21 06:00:00+00:00,-0.661413,3.836911,5.9e-05,0.000653,-0.000593
2026-07-21 07:00:00+00:00,-0.668157,3.830152,5.9e-05,0.000653,-0.000593
2026-07-21 08:00:00+00:00,-0.674756,3.823503,5.9e-05,0.000653,-0.000593
2026-07-21 09:00:00+00:00,-0.68145,3.816718,5.9e-05,0.000653,-0.000593
2026-07-21 10:00:00+00:00,-0.688333,3.809791,5.9e-05,0.000653,-0.000593
2026-07-21 11:00:00+00:00,-0.695133,3.803023,5.9e-05,0.000653,-0.000593
2026-07-21 12:00:00+00:00,-0.701421,3.796643,5.9e-05,0.000653,-0.000593
2026-07-21 13:00:00+00:00,-0.708003,3.79022,5.9e-05,0.000653,-0.000593
2026-07-21 14:00:00+00:00,-0.715038,3.783141,5.9e-05,0.000653,-0.000593
2026-07-21 15:00:00+00:00,-0.721956,3.776105,5.9e-05,0.000653,-0.000593
2026-07-21 16:00:00+00:00,-0.729035,3.768895,5.9e-05,0.000653,-0.000593
2026-07-21 17:00:00+00:00,-0.736091,3.762246,5.9e-05,0.000653,-0.000593
2026-07-21 18:00:00+00:00,-0.742997,3.755539,5.9e-05,0.000653,-0.000593
2026-07-21 19:00:00+00:00,-0.750266,3.748272,5.9e-05,0.000653,-0.000593
2026-07-21 20:00:00+00:00,-0.757137,3.741355,5.9e-05,0.000653,-0.000593
2026-07-21 21:00:00+00:00,-0.763914,3.734735,5.9e-05,0.000653,-0.000593
2026-07-21 22:00:00+00:00,-0.770507,3.728173,5.9e-05,0.000653,-0.000593
2026-07-21 23:00:00+00:00,-0.777675,3.721137,5.9e-05,0.000653,-0.000593
2026-07-22 00:00:00+00:00,-0.785038,3.713837,5.9e-05,0.000653,-0.000593
2026-07-22 01:00:00+00:00,-0.792174,3.7068,5.9e-05,0.000653,-0.000593
2026-07-22 02:00:00+00:00,-0.798608,3.700418,5.9e-05,0.000653,-0.000593
2026-07-22 03:00:00+00:00,-0.804798,3.694314,5.9e-05,0.000653,-0.000593
2026-07-22 04:00:00+00:00,-0.810905,3.688387,5.9e-05,0.000653,-0.000593
2026-07-22 05:00:00+00:00,-0.817426,3.681895,5.9e-05,0.000653,-0.000593
2026-07-22 06:00:00+00:00,-0.823561,3.675814,5.9e-05,0.000653,-0.000593
2026-07-22 07:00:00+00:00,-0.829277,3.670304,5.9e-05,0.000653,-0.000593
2026-07-22 08:00:00+00:00,-0.835817,3.663792,5.9e-05,0.000653,-0.000593
2026-07-22 09:00:00+00:00,-0.842267,3.657149,5.9e-05,0.000653,-0.000593
2026-07-22 10:00:00+00:00,-0.848573,3.650857,5.9e-05,0.000653,-0.000593
2026-07-22 11:00:00+00:00,-0.855317,3.644187,5.9e-05,0.000653,-0.000593
2026-07-22 12:00:00+00:00,-0.861978,3.637481,5.9e-05,0.000653,-0.000593
2026-07-22 13:00:00+00:00,-0.868303,3.631114,5.9e-05,0.000653,-0.000593
2026-07-22 14:00:00+00:00,-0.874107,3.625283,5.9e-05,0.000653,-0.000593
2026-07-22 15:00:00+00:00,-0.880149,3.619361,5.9e-05,0.000653,-0.000593
2026-07-22 16:00:00+00:00,-0.886379,3.613226,5.9e-05,0.000653,-0.000593
2026-07-22 17:00:00+00:00,-0.892598,3.607041,5.9e-05,0.000653,-0.000593
2026-07-22 18:00:00+00:00,-0.898555,3.601056,5.9e-05,0.000653,-0.000593
2026-07-22 19:00:00+00:00,-0.904638,3.594989,5.9e-05,0.000653,-0.000593
2026-07-22 20:00:00+00:00,-0.911007,3.588669,5.9e-05,0.000653,-0.000593
2026-07-22 21:00:00+00:00,-0.917709,3.582048,5.9e-05,0.000653,-0.000593
2026-07-22 22:00:00+00:00,-0.923881,3.575755,5.9e-05,0.000653,-0.000593
2026-07-22 23:00:00+00:00,-0.930402,3.569162,5.9e-05,0.000653,-0.000593
2026-07-23 00:00:00+00:00,-0.936814,3.562853,5.9e-05,0.000653,-0.000593
2026-07-23 01:00:00+00:00,-0.943228,3.556588,5.9e-05,0.000653,-0.000593
2026-07-23 02:00:00+00:00,-0.949411,3.550352,5.9e-05,0.000653,-0.000593
2026-07-23 03:00:00+00:00,-0.955327,3.544555,5.9e-05,0.000653,-0.000593
2026-07-23 04:00:00+00:00,-0.961224,3.538634,5.9e-05,0.000653,-0.000593
2026-07-23 05:00:00+00:00,-0.967066,3.532753,5.9e-05,0.000653,-0.000593
2026-07-23 06:00:00+00:00,-0.972841,3.526992,5.9e-05,0.000653,-0.000593
2026-07-23 07:00:00+00:00,-0.978702,3.521384,5.9e-05,0.000653,-0.000593
2026-07-23 08:00:00+00:00,-0.984751,3.515414,5.9e-05,0.000653,-0.000593
2026-07-23 09:00:00+00:00,-0.991267,3.508966,5.9e-05,0.000653,-0.000593
2026-07-23 10:00:00+00:00,-0.997892,3.50219,5.9e-05,0.000653,-0.000593
2026-07-23 11:00:00+00:00,-1.004374,3.495638,5.9e-05,0.000653,-0.000593
2026-07-23 12:00:00+00:00,-1.010858,3.488953,5.9e-05,0.000653,-0.000593
2026-07-23 13:00:00+00:00,-1.017,3.482766,5.9e-05,0.000653,-0.000593
2026-07-23 14:00:00+00:00,-1.023687,3.476096,5.9e-05,0.000653,-0.000593
2026-07-23 15:00:00+00:00,-1.030142,3.469862,5.9e-05,0.000653,-0.000593
2026-07-23 16:00:00+00:00,-1.036637,3.463462,5.9e-05,0.000653,-0.000593
2026-07-23 17:00:00+00:00,-1.042886,3.457541,5.9e-05,0.000653,-0.000593
2026-07-23 18:00:00+00:00,-1.049481,3.450989,5.9e-05,0.000653,-0.000593
2026-07-23 19:00:00+00:00,-1.055909,3.444741,5.9e-05,0.000653,-0.000593
2026-07-23 20:00:00+00:00,-1.061984,3.438904,5.9e-05,0.000653,-0.000593
2026-07-23 21:00:00+00:00,-1.068138,3.432763,5.9e-05,0.000653,-0.000593
2026-07-23 22:00:00+00:00,-1.074649,3.426359,5.9e-05,0.000653,-0.000593
2026-07-23 23:00:00+00:00,-1.080882,3.420269,5.9e-05,0.000653,-0.000593
2026-07-24 00:00:00+00:00,-1.087602,3.413563,5.9e-05,0.000653,-0.000593
2026-07-24 01:00:00+00:00,-1.093945,3.407336,5.9e-05,0.000653,-0.000593
2026-07-24 02:00:00+00:00,-1.100508,3.400773,5.9e-05,0.000653,-0.000593
2026-07-24 03:00:00+00:00,-1.107247,3.394052,5.9e-05,0.000653,-0.000593
2026-07-24 04:00:00+00:00,-1.114399,3.386937,5.9e-05,0.000653,-0.000593
2026-07-24 05:00:00+00:00,-1.121011,3.380164,5.9e-05,0.000653,-0.000593
2026-07-24 06:00:00+00:00,-1.127364,3.373802,5.9e-05,0.000653,-0.000593
2026-07-24 07:00:00+00:00,-1.133571,3.367628,5.9e-05,0.000653,-0.000593
2026-07-24 08:00:00+00:00,-1.139853,3.361344,5.9e-05,0.000653,-0.000593
2026-07-24 09:00:00+00:00,-1.146248,3.355157,5.9e-05,0.000653,-0.000593
2026-07-24 10:00:00+00:00,-1.1525,3.349018,5.9e-05,0.000653,-0.000593
2026-07-24 11:00:00+00:00,-1.158846,3.342637,5.9e-05,0.000653,-0.000593
2026-07-24 12:00:00+00:00,-1.164639,3.336824,5.9e-05,0.000653,-0.000593
2026-07-24 13:00:00+00:00,-1.170943,3.3306,5.9e-05,0.000653,-0.000593
2026-07-24 14:00:00+00:00,-1.176982,3.324505,5.9e-05,0.000653,-0.000593
2026-07-24 15:00:00+00:00,-1.182842,3.318638,5.9e-05,0.000653,-0.000593
2026-07-24 16:00:00+00:00,-1.1896,3.312009,5.9e-05,0.000653,-0.000593
2026-07-24 17:00:00+00:00,-1.195575,3.306081,5.9e-05,0.000653,-0.000593
2026-07-24 18:00:00+00:00,-1.202039,3.299542,5.9e-05,0.000653,-0.000593
2026-07-24 19:00:00+00:00,-1.208628,3.293166,5.9e-05,0.000681,-0.000622
2026-07-24 20:00:00+00:00,-1.21541,3.286395,5.9e-05,0.000681,-0.000622
2026-07-24 21:00:00+00:00,-1.222339,3.27937,5.9e-05,0.000709,-0.00065
2026-07-24 22:00:00+00:00,-1.22884,3.272961,5.9e-05,0.000709,-0.00065
2026-07-24 23:00:00+00:00,-1.23544,3.266322,5.9e-05,0.000709,-0.00065
2026-07-25 00:00:00+00:00,-1.241862,3.260163,5.9e-05,0.000709,-0.00065
2026-07-25 01:00:00+00:00,-1.2478,3.254252,5.9e-05,0.000709,-0.00065
2026-07-25 02:00:00+00:00,-1.253829,3.24824,5.9e-05,0.000709,-0.00065
2026-07-25 03:00:00+00:00,-1.259989,3.242271,5.9e-05,0.000709,-0.00065
2026-07-25 04:00:00+00:00,-1.266353,3.236054,5.9e-05,0.000709,-0.00065
2026-07-25 05:00:00+00:00,-1.272575,3.22985,5.9e-05,0.000709,-0.00065
2026-07-25 06:00:00+00:00,-1.279033,3.223433,5.9e-05,0.000709,-0.00065
2026-07-25 07:00:00+00:00,-1.285708,3.216684,5.9e-05,0.000709,-0.00065
2026-07-25 08:00:00+00:00,-1.292462,3.209929,5.9e-05,0.000709,-0.00065
2026-07-25 09:00:00+00:00,-1.299031,3.203303,5.9e-05,0.000709,-0.00065
2026-07-25 10:00:00+00:00,-1.30546,3.196904,5.9e-05,0.000709,-0.00065
2026-07-25 11:00:00+00:00,-1.31143,3.190933,5.9e-05,0.000709,-0.00065
2026-07-25 12:00:00+00:00,-1.318244,3.184077,5.9e-05,0.000709,-0.00065
2026-07-25 13:00:00+00:00,-1.32449,3.177713,5.9e-05,0.000709,-0.00065
2026-07-25 14:00:00+00:00,-1.330488,3.171522,5.9e-05,0.000709,-0.00065
2026-07-25 15:00:00+00:00,-1.336747,3.165089,5.9e-05,0.000709,-0.00065
2026-07-25 16:00:00+00:00,-1.343079,3.159082,5.9e-05,0.000709,-0.00065
2026-07-25 17:00:00+00:00,-1.348917,3.153206,5.9e-05,0.000709,-0.00065
2026-07-25 18:00:00+00:00,-1.355613,3.146455,5.9e-05,0.000709,-0.00065
2026-07-25 19:00:00+00:00,-1.362506,3.139514,5.9e-05,0.000741,-0.000682
2026-07-25 20:00:00+00:00,-1.368918,3.133061,5.9e-05,0.000741,-0.000682
2026-07-25 21:00:00+00:00,-1.375978,3.126113,5.9e-05,0.000741,-0.000682
2026-07-25 22:00:00+00:00,-1.382501,3.119642,5.9e-05,0.000741,-0.000682
2026-07-25 23:00:00+00:00,-1.389153,3.113137,5.9e-05,0.000741,-0.000682
2026-07-26 00:00:00+00:00,-1.395749,3.106424,5.9e-05,0.000741,-0.000682
2026-07-26 01:00:00+00:00,-1.40224,3.100022,5.9e-05,0.000741,-0.000682
2026-07-26 02:00:00+00:00,-1.4084,3.093965,5.9e-05,0.000741,-0.000682
2026-07-26 03:00:00+00:00,-1.414747,3.087744,5.9e-05,0.000773,-0.000714
2026-07-26 04:00:00+00:00,-1.421114,3.081451,5.9e-05,0.000773,-0.000714
2026-07-26 05:00:00+00:00,-1.427123,3.075515,5.9e-05,0.000773,-0.000714
2026-07-26 06:00:00+00:00,-1.433288,3.069311,5.9e-05,0.000773,-0.000714
2026-07-26 07:00:00+00:00,-1.439285,3.063351,5.9e-05,0.000773,-0.000714
2026-07-26 08:00:00+00:00,-1.445891,3.056748,5.9e-05,0.000773,-0.000714
2026-07-26 09:00:00+00:00,-1.452881,3.049899,5.9e-05,0.000773,-0.000714
2026-07-26 10:00:00+00:00,-1.459613,3.043156,5.9e-05,0.000773,-0.000714
2026-07-26 11:00:00+00:00,-1.466416,3.036391,5.9e-05,0.000773,-0.000714
2026-07-26 12:00:00+00:00,-1.473077,3.029802,5.9e-05,0.000773,-0.000714
2026-07-26 13:00:00+00:00,-1.479697,3.023108,5.9e-05,0.000773,-0.000714
2026-07-26 14:00:00+00:00,-1.485741,3.017164,5.9e-05,0.000773,-0.000714
2026-07-26 15:00:00+00:00,-1.492038,3.010903,5.9e-05,0.000773,-0.000714
2026-07-26 16:00:00+00:00,-1.497815,3.005106,5.9e-05,0.000773,-0.000714
2026-07-26 17:00:00+00:00,-1.504027,2.999138,5.9e-05,0.000773,-0.000714
2026-07-26 18:00:00+00:00,-1.509983,2.993196,5.9e-05,0.000773,-0.000714
2026-07-26 19:00:00+00:00,-1.516035,2.987228,5.9e-05,0.000773,-0.000714
2026-07-26 20:00:00+00:00,-1.522366,2.981023,5.9e-05,0.000773,-0.000714
2026-07-26 21:00:00+00:00,-1.528511,2.974876,5.9e-05,0.000773,-0.000714
2026-07-26 22:00:00+00:00,-1.53482,2.968529,5.9e-05,0.000773,-0.000714
2026-07-26 23:00:00+00:00,-1.541519,2.962022,5.9e-05,0.000773,-0.000714
2026-07-27 00:00:00+00:00,-1.548112,2.955443,5.9e-05,0.000773,-0.000714
2026-07-27 01:00:00+00:00,-1.554452,2.949097,5.9e-05,0.000773,-0.000714
2026-07-27 02:00:00+00:00,-1.561017,2.942444,5.9e-05,0.000773,-0.000714
2026-07-27 03:00:00+00:00,-1.567157,2.936491,5.9e-05,0.000773,-0.000714
2026-07-27 04:00:00+00:00,-1.573101,2.930691,5.9e-05,0.000773,-0.000714
2026-07-27 05:00:00+00:00,-1.579269,2.924611,5.9e-05,0.000773,-0.000714
2026-07-27 06:00:00+00:00,-1.585729,2.918084,5.9e-05,0.000773,-0.000714
2026-07-27 07:00:00+00:00,-1.592426,2.911444,5.9e-05,0.000773,-0.000714
2026-07-27 08:00:00+00:00,-1.598643,2.905257,5.9e-05,0.000773,-0.000714
2026-07-27 09:00:00+00:00,-1.604429,2.899349,5.9e-05,0.000773,-0.000714
2026-07-27 10:00:00+00:00,-1.610254,2.89355,5.9e-05,0.000773,-0.000714
2026-07-27 11:00:00+00:00,-1.616491,2.887113,5.9e-05,0.000773,-0.000714
2026-07-27 12:00:00+00:00,-1.622979,2.880484,5.9e-05,0.000773,-0.000714
2026-07-27 13:00:00+00:00,-1.6293,2.874056,5.9e-05,0.000773,-0.000714
2026-07-27 14:00:00+00:00,-1.635507,2.867803,5.9e-05,0.000773,-0.000714
2026-07-27 15:00:00+00:00,-1.64113,2.862141,5.9e-05,0.000773,-0.000714
2026-07-27 16:00:00+00:00,-1.647102,2.856376,5.9e-05,0.000773,-0.000714
2026-07-27 17:00:00+00:00,-1.652869,2.850461,5.9e-05,0.000773,-0.000714
2026-07-27 18:00:00+00:00,-1.658779,2.844707,5.9e-05,0.000773,-0.000714
2026-07-27 19:00:00+00:00,-1.66468,2.838845,5.9e-05,0.000773,-0.000714
2026-07-27 20:00:00+00:00,-1.67064,2.832979,5.9e-05,0.000773,-0.000714
2026-07-27 21:00:00+00:00,-1.676912,2.826672,5.9e-05,0.000773,-0.000714
2026-07-27 22:00:00+00:00,-1.683416,2.820162,5.9e-05,0.000804,-0.000745
2026-07-27 23:00:00+00:00,-1.689443,2.814089,5.9e-05,0.000804,-0.000745
2026-07-28 00:00:00+00:00,-1.695779,2.807839,5.9e-05,0.000804,-0.000745
2026-07-28 01:00:00+00:00,-1.701858,2.80186,5.9e-05,0.000804,-0.000745
2026-07-28 02:00:00+00:00,-1.708519,2.795239,5.9e-05,0.000804,-0.000745
2026-07-28 03:00:00+00:00,-1.714374,2.789269,5.9e-05,0.000804,-0.000745
2026-07-28 04:00:00+00:00,-1.720255,2.783459,5.9e-05,0.000804,-0.000745
2026-07-28 05:00:00+00:00,-1.726123,2.7774,5.9e-05,0.000804,-0.000745
2026-07-28 06:00:00+00:00,-1.732306,2.771412,5.9e-05,0.000804,-0.000745
2026-07-28 07:00:00+00:00,-1.737709,2.766011,5.9e-05,0.000804,-0.000745
2026-07-28 08:00:00+00:00,-1.743974,2.759744,5.9e-05,0.000804,-0.000745
2026-07-28 09:00:00+00:00,-1.750108,2.753734,5.9e-05,0.000804,-0.000745
2026-07-28 10:00:00+00:00,-1.75632,2.747628,5.9e-05,0.000804,-0.000745
2026-07-28 11:00:00+00:00,-1.762208,2.741746,5.9e-05,0.000804,-0.000745
2026-07-28 12:00:00+00:00,-1.768013,2.73597,5.9e-05,0.000804,-0.000745
2026-07-28 13:00:00+00:00,-1.774032,2.730035,5.9e-05,0.000804,-0.000745
2026-07-28 14:00:00+00:00,-1.779619,2.724414,5.9e-05,0.000804,-0.000745
2026-07-28 15:00:00+00:00,-1.785739,2.718358,5.9e-05,0.000804,-0.000745
2026-07-28 16:00:00+00:00,-1.792138,2.712066,5.9e-05,0.000804,-0.000745
2026-07-28 17:00:00+00:00,-1.797816,2.706344,5.9e-05,0.000804,-0.000745
2026-07-28 18:00:00+00:00,-1.804057,2.700346,5.9e-05,0.000804,-0.000745
2026-07-28 19:00:00+00:00,-1.810044,2.694325,5.9e-05,0.000804,-0.000745
2026-07-28 20:00:00+00:00,-1.815995,2.68837,5.9e-05,0.000804,-0.000745
2026-07-28 21:00:00+00:00,-1.821686,2.682729,5.9e-05,0.000804,-0.000745
2026-07-28 22:00:00+00:00,-1.828161,2.676315,5.9e-05,0.000804,-0.000745
2026-07-28 23:00:00+00:00,-1.834815,2.66984,5.9e-05,0.000804,-0.000745
2026-07-29 00:00:00+00:00,-1.840687,2.66409,5.9e-05,0.000804,-0.000745
2026-07-29 01:00:00+00:00,-1.846564,2.658266,5.9e-05,0.000804,-0.000745
2026-07-29 02:00:00+00:00,-1.852752,2.652067,5.9e-05,0.000804,-0.000745
2026-07-29 03:00:00+00:00,-1.858789,2.646084,5.9e-05,0.000804,-0.000745
2026-07-29 04:00:00+00:00,-1.864811,2.640325,5.9e-05,0.000804,-0.000745
2026-07-29 05:00:00+00:00,-1.870978,2.634281,5.9e-05,0.000804,-0.000745
2026-07-29 06:00:00+00:00,-1.877107,2.628323,5.9e-05,0.000804,-0.000745
2026-07-29 07:00:00+00:00,-1.883353,2.622274,5.9e-05,0.000804,-0.000745
2026-07-29 08:00:00+00:00,-1.889457,2.616058,5.9e-05,0.000804,-0.000745
2026-07-29 09:00:00+00:00,-1.895201,2.610372,5.9e-05,0.000804,-0.000745
2026-07-29 10:00:00+00:00,-1.900734,2.604809,5.9e-05,0.000804,-0.000745
2026-07-29 11:00:00+00:00,-1.907018,2.598395,5.9e-05,0.000804,-0.000745
2026-07-29 12:00:00+00:00,-1.913652,2.591836,5.9e-05,0.000804,-0.000745
2026-07-29 13:00:00+00:00,-1.920276,2.585254,5.9e-05,0.000804,-0.000745
2026-07-29 14:00:00+00:00,-1.926573,2.578822,5.9e-05,0.000804,-0.000745
2026-07-29 15:00:00+00:00,-1.932947,2.572429,5.9e-05,0.000804,-0.000745
2026-07-29 16:00:00+00:00,-1.939491,2.566095,5.9e-05,0.000804,-0.000745
2026-07-29 17:00:00+00:00,-1.945764,2.559855,5.9e-05,0.000804,-0.000745
2026-07-29 18:00:00+00:00,-1.952437,2.553354,5.9e-05,0.000804,-0.000745
2026-07-29 19:00:00+00:00,-1.95919,2.546497,5.9e-05,0.000804,-0.000745
2026-07-29 20:00:00+00:00,-1.96543,2.540436,5.9e-05,0.000804,-0.000745
2026-07-29 21:00:00+00:00,-1.97189,2.534135,5.9e-05,0.000804,-0.000745
2026-07-29 22:00:00+00:00,-1.978467,2.527709,5.9e-05,0.000804,-0.000745
2026-07-29 23:00:00+00:00,-1.985331,2.520874,5.9e-05,0.000804,-0.000745
2026-07-30 00:00:00+00:00,-1.992284,2.514024,5.9e-05,0.000804,-0.000745
2026-07-30 01:00:00+00:00,-1.998752,2.507713,5.9e-05,0.000804,-0.000745
2026-07-30 02:00:00+00:00,-2.005123,2.501225,5.9e-05,0.000804,-0.000745
2026-07-30 03:00:00+00:00,-2.01164,2.49467,5.9e-05,0.000804,-0.000745
2026-07-30 04:00:00+00:00,-2.017969,2.488506,5.9e-05,0.000804,-0.000745
2026-07-30 05:00:00+00:00,-2.024633,2.481909,5.9e-05,0.000804,-0.000745
2026-07-30 06:00:00+00:00,-2.031102,2.475443,5.9e-05,0.000804,-0.000745
2026-07-30 07:00:00+00:00,-2.037756,2.468759,5.9e-05,0.000804,-0.000745
2026-07-30 08:00:00+00:00,-2.044302,2.462207,5.9e-05,0.000804,-0.000745
2026-07-30 09:00:00+00:00,-2.051078,2.455274,5.9e-05,0.000804,-0.000745
2026-07-30 10:00:00+00:00,-2.057603,2.448847,5.9e-05,0.000804,-0.000745
2026-07-30 11:00:00+00:00,-2.064236,2.442109,5.9e-05,0.000804,-0.000745
2026-07-30 12:00:00+00:00,-2.070495,2.435703,5.9e-05,0.000804,-0.000745
2026-07-30 13:00:00+00:00,-2.076975,2.429286,5.9e-05,0.000804,-0.000745
2026-07-30 14:00:00+00:00,-2.083787,2.422352,5.9e-05,0.000804,-0.000745
2026-07-30 15:00:00+00:00,-2.090555,2.415714,5.9e-05,0.000804,-0.000745
2026-07-30 16:00:00+00:00,-2.096832,2.409344,5.9e-05,0.000804,-0.000745
2026-07-30 17:00:00+00:00,-2.103434,2.402727,5.9e-05,0.000804,-0.000745
2026-07-30 18:00:00+00:00,-2.110202,2.396011,5.9e-05,0.000804,-0.000745
2026-07-30 19:00:00+00:00,-2.116858,2.389355,5.9e-05,0.000804,-0.000745
2026-07-30 20:00:00+00:00,-2.123188,2.382858,5.9e-05,0.000804,-0.000745
2026-07-30 21:00:00+00:00,-2.129498,2.376699,5.9e-05,0.000804,-0.000745
2026-07-30 22:00:00+00:00,-2.135531,2.370753,5.9e-05,0.000804,-0.000745
2026-07-30 23:00:00+00:00,-2.141732,2.364549,5.9e-05,0.000804,-0.000745
2026-07-31 00:00:00+00:00,-2.1481,2.35815,5.9e-05,0.000804,-0.000745
2026-07-31 01:00:00+00:00,-2.154499,2.351719,5.9e-05,0.000804,-0.000745
2026-07-31 02:00:00+00:00,-2.160954,2.345244,5.9e-05,0.000804,-0.000745
2026-07-31 03:00:00+00:00,-2.166981,2.339288,5.9e-05,0.000804,-0.000745
2026-07-31 04:00:00+00:00,-2.173308,2.332816,5.9e-05,0.000804,-0.000745
2026-07-31 05:00:00+00:00,-2.180034,2.326331,5.9e-05,0.000804,-0.000745
2026-07-31 06:00:00+00:00,-2.18652,2.319976,5.9e-05,0.000804,-0.000745
2026-07-31 07:00:00+00:00,-2.192647,2.313875,5.9e-05,0.000804,-0.000745
2026-07-31 08:00:00+00:00,-2.199009,2.307649,5.9e-05,0.000804,-0.000745
2026-07-31 09:00:00+00:00,-2.205139,2.30158,5.9e-05,0.000804,-0.000745
2026-07-31 10:00:00+00:00,-2.211419,2.295103,5.9e-05,0.000804,-0.000745
2026-07-31 11:00:00+00:00,-2.21763,2.288948,5.9e-05,0.000804,-0.000745
2026-07-31 12:00:00+00:00,-2.223802,2.282805,5.9e-05,0.000804,-0.000745
2026-07-31 13:00:00+00:00,-2.229826,2.276756,5.9e-05,0.000804,-0.000745
2026-07-31 14:00:00+00:00,-2.235606,2.271052,5.9e-05,0.000804,-0.000745
2026-07-31 15:00:00+00:00,-2.241379,2.265455,5.9e-05,0.000804,-0.000745
2026-07-31 16:00:00+00:00,-2.247356,2.259426,5.9e-05,0.000804,-0.000745
2026-07-31 17:00:00+00:00,-2.253345,2.253848,5.9e-05,0.000859,-0.0008
2026-07-31 18:00:00+00:00,-2.259835,2.247516,5.9e-05,0.000859,-0.0008
2026-07-31 19:00:00+00:00,-2.266375,2.241085,5.9e-05,0.000889,-0.000829
2026-07-31 20:00:00+00:00,-2.27255,2.23499,5.9e-05,0.000889,-0.000829
2026-07-31 21:00:00+00:00,-2.278768,2.228487,5.9e-05,0.000889,-0.000829
2026-07-31 22:00:00+00:00,-2.284636,2.222751,5.9e-05,0.000889,-0.000829
2026-07-31 23:00:00+00:00,-2.290277,2.217345,5.9e-05,0.000889,-0.000829
2026-08-01 00:00:00+00:00,-2.296012,2.211652,5.9e-05,0.000889,-0.000829
2026-08-01 01:00:00+00:00,-2.301424,2.206115,5.9e-05,0.000889,-0.000829
2026-08-01 02:00:00+00:00,-2.307188,2.20025,5.9e-05,0.000889,-0.000829
2026-08-01 03:00:00+00:00,-2.312879,2.194294,5.9e-05,0.000889,-0.000829
2026-08-01 04:00:00+00:00,-2.318557,2.18868,5.9e-05,0.000917,-0.000858
2026-08-01 05:00:00+00:00,-2.324403,2.182853,5.9e-05,0.000917,-0.000858
2026-08-01 06:00:00+00:00,-2.32988,2.177426,5.9e-05,0.000917,-0.000858
2026-08-01 07:00:00+00:00,-2.335822,2.171476,5.9e-05,0.000917,-0.000858
2026-08-01 08:00:00+00:00,-2.34175,2.165452,5.9e-05,0.000917,-0.000858
2026-08-01 09:00:00+00:00,-2.347786,2.159466,5.9e-05,0.000917,-0.000858
2026-08-01 10:00:00+00:00,-2.353501,2.153744,5.9e-05,0.000917,-0.000858
2026-08-01 11:00:00+00:00,-2.359376,2.147727,5.9e-05,0.000917,-0.000858
2026-08-01 12:00:00+00:00,-2.36519,2.141758,5.9e-05,0.000917,-0.000858
2026-08-01 13:00:00+00:00,-2.370701,2.1359,5.9e-05,0.000917,-0.000858
2026-08-01 14:00:00+00:00,-2.376455,2.130284,5.9e-05,0.000917,-0.000858
2026-08-01 15:00:00+00:00,-2.382041,2.124511,5.9e-05,0.000917,-0.000858
2026-08-01 16:00:00+00:00,-2.387393,2.119174,5.9e-05,0.000917,-0.000858
2026-08-01 17:00:00+00:00,-2.392812,2.113799,5.9e-05,0.000917,-0.000858
2026-08-01 18:00:00+00:00,-2.398814,2.107655,5.9e-05,0.000917,-0.000858
2026-08-01 19:00:00+00:00,-2.404594,2.101819,5.9e-05,0.000917,-0.000858
2026-08-01 20:00:00+00:00,-2.40985,2.096416,5.9e-05,0.000917,-0.000858
2026-08-01 21:00:00+00:00,-2.41575,2.090566,5.9e-05,0.000917,-0.000858
2026-08-01 22:00:00+00:00,-2.421886,2.084376,5.9e-05,0.000917,-0.000858
2026-08-01 23:00:00+00:00,-2.427657,2.078613,5.9e-05,0.000917,-0.000858
2026-08-02 00:00:00+00:00,-2.433958,2.072264,5.9e-05,0.000917,-0.000858
2026-08-02 01:00:00+00:00,-2.439358,2.066777,5.9e-05,0.000917,-0.000858
2026-08-02 02:00:00+00:00,-2.445214,2.061064,5.9e-05,0.000917,-0.000858
2026-08-02 03:00:00+00:00,-2.451044,2.055322,5.9e-05,0.000917,-0.000858
2026-08-02 04:00:00+00:00,-2.456657,2.049556,5.9e-05,0.000917,-0.000858
2026-08-02 05:00:00+00:00,-2.462212,2.044092,5.9e-05,0.000917,-0.000858
2026-08-02 06:00:00+00:00,-2.467702,2.038684,5.9e-05,0.000917,-0.000858
2026-08-02 07:00:00+00:00,-2.473175,2.03326,5.9e-05,0.000917,-0.000858
2026-08-02 08:00:00+00:00,-2.478738,2.027679,5.9e-05,0.000917,-0.000858
2026-08-02 09:00:00+00:00,-2.484245,2.02216,5.9e-05,0.000917,-0.000858
2026-08-02 10:00:00+00:00,-2.489949,2.016532,5.9e-05,0.000917,-0.000858
2026-08-02 11:00:00+00:00,-2.495508,2.01091,5.9e-05,0.000917,-0.000858
2026-08-02 12:00:00+00:00,-2.50166,2.004875,5.9e-05,0.000917,-0.000858
2026-08-02 13:00:00+00:00,-2.507288,1.999377,5.9e-05,0.000917,-0.000858
2026-08-02 14:00:00+00:00,-2.513142,1.99338,5.9e-05,0.000917,-0.000858
2026-08-02 15:00:00+00:00,-2.518775,1.987703,5.9e-05,0.000917,-0.000858
2026-08-02 16:00:00+00:00,-2.524063,1.982465,5.9e-05,0.000917,-0.000858
2026-08-02 17:00:00+00:00,-2.529164,1.977519,5.9e-05,0.000917,-0.000858
2026-08-02 18:00:00+00:00,-2.534729,1.971772,5.9e-05,0.000917,-0.000858
2026-08-02 19:00:00+00:00,-2.540365,1.966461,5.9e-05,0.000917,-0.000858
2026-08-02 20:00:00+00:00,-2.545837,1.961017,5.9e-05,0.000917,-0.000858
2026-08-02 21:00:00+00:00,-2.551592,1.955339,5.9e-05,0.000917,-0.000858
2026-08-02 22:00:00+00:00,-2.557143,1.949832,5.9e-05,0.000917,-0.000858
2026-08-02 23:00:00+00:00,-2.563207,1.94383,5.9e-05,0.000917,-0.000858
2026-08-03 00:00:00+00:00,-2.569251,1.937742,5.9e-05,0.000917,-0.000858
2026-08-03 01:00:00+00:00,-2.575081,1.931916,5.9e-05,0.000917,-0.000858
2026-08-03 02:00:00+00:00,-2.580827,1.926529,5.9e-05,0.000917,-0.000858
2026-08-03 03:00:00+00:00,-2.586171,1.921347,5.9e-05,0.000917,-0.000858
2026-08-03 04:00:00+00:00,-2.592239,1.915287,5.9e-05,0.000917,-0.000858
2026-08-03 05:00:00+00:00,-2.597314,1.910044,5.9e-05,0.000917,-0.000858
2026-08-03 06:00:00+00:00,-2.603015,1.904209,5.9e-05,0.000917,-0.000858
2026-08-03 07:00:00+00:00,-2.608363,1.898971,5.9e-05,0.000917,-0.000858
2026-08-03 08:00:00+00:00,-2.614156,1.893221,5.9e-05,0.000917,-0.000858
2026-08-03 09:00:00+00:00,-2.619617,1.887748,5.9e-05,0.000917,-0.000858
2026-08-03 10:00:00+00:00,-2.624848,1.882675,5.9e-05,0.000917,-0.000858
2026-08-03 11:00:00+00:00,-2.630426,1.876957,5.9e-05,0.000917,-0.000858
2026-08-03 12:00:00+00:00,-2.636478,1.871,5.9e-05,0.000917,-0.000858
2026-08-03 13:00:00+00:00,-2.6421,1.865358,5.9e-05,0.000917,-0.000858
2026-08-03 14:00:00+00:00,-2.647963,1.859565,5.9e-05,0.000917,-0.000858
2026-08-03 15:00:00+00:00,-2.65351,1.854003,5.9e-05,0.000917,-0.000858
2026-08-03 16:00:00+00:00,-2.659081,1.848556,5.9e-05,0.000917,-0.000858
2026-08-03 17:00:00+00:00,-2.664626,1.843212,5.9e-05,0.000917,-0.000858
2026-08-03 18:00:00+00:00,-2.670518,1.837477,5.9e-05,0.000917,-0.000858
2026-08-03 19:00:00+00:00,-2.675977,1.832082,5.9e-05,0.000917,-0.000858
2026-08-03 20:00:00+00:00,-2.681693,1.826312,5.9e-05,0.000947,-0.000888
2026-08-03 21:00:00+00:00,-2.687731,1.820085,5.9e-05,0.000947,-0.000888
2026-08-03 22:00:00+00:00,-2.693324,1.814627,5.9e-05,0.000947,-0.000888
2026-08-03 23:00:00+00:00,-2.698642,1.809472,5.9e-05,0.000947,-0.000888
2026-08-04 00:00:00+00:00,-2.704383,1.803583,5.9e-05,0.000947,-0.000888
2026-08-04 01:00:00+00:00,-2.709446,1.798569,5.9e-05,0.000947,-0.000888
2026-08-04 02:00:00+00:00,-2.714442,1.793567,5.9e-05,0.000947,-0.000888
2026-08-04 03:00:00+00:00,-2.719656,1.788219,5.9e-05,0.000947,-0.000888
2026-08-04 04:00:00+00:00,-2.725002,1.782984,5.9e-05,0.000947,-0.000888
2026-08-04 05:00:00+00:00,-2.73013,1.777919,5.9e-05,0.00098,-0.000921
2026-08-04 06:00:00+00:00,-2.7354,1.772937,5.9e-05,0.00098,-0.000921
2026-08-04 07:00:00+00:00,-2.740347,1.767909,5.9e-05,0.00098,-0.000921
2026-08-04 08:00:00+00:00,-2.745669,1.762629,5.9e-05,0.00098,-0.000921
2026-08-04 09:00:00+00:00,-2.750768,1.757525,5.9e-05,0.00098,-0.000921
2026-08-04 10:00:00+00:00,-2.756083,1.752219,5.9e-05,0.00098,-0.000921
2026-08-04 11:00:00+00:00,-2.761207,1.747126,5.9e-05,0.00098,-0.000921
2026-08-04 12:00:00+00:00,-2.766475,1.741838,5.9e-05,0.00098,-0.000921
2026-08-04 13:00:00+00:00,-2.77158,1.736741,5.9e-05,0.00098,-0.000921
2026-08-04 14:00:00+00:00,-2.776974,1.731398,5.9e-05,0.00098,-0.000921
2026-08-04 15:00:00+00:00,-2.782544,1.725823,5.9e-05,0.00098,-0.000921
2026-08-04 16:00:00+00:00,-2.788938,1.719446,5.9e-05,0.00098,-0.000921
2026-08-04 17:00:00+00:00,-2.794428,1.713986,5.9e-05,0.00098,-0.000921
2026-08-04 18:00:00+00:00,-2.801201,1.707181,5.9e-05,0.001011,-0.000951
2026-08-04 19:00:00+00:00,-2.81017,1.698085,5.9e-05,0.001106,-0.001046
2026-08-04 20:00:00+00:00,-2.819249,1.689296,5.9e-05,0.0012,-0.001141
2026-08-04 21:00:00+00:00,-2.828406,1.680336,5.9e-05,0.001339,-0.00128
2026-08-04 22:00:00+00:00,-2.83648,1.672244,5.9e-05,0.001339,-0.00128
2026-08-04 23:00:00+00:00,-2.845973,1.662926,5.9e-05,0.001396,-0.001336
2026-08-05 00:00:00+00:00,-2.855016,1.653974,5.9e-05,0.001396,-0.001336
2026-08-05 01:00:00+00:00,-2.86324,1.645823,5.9e-05,0.001424,-0.001364
2026-08-05 02:00:00+00:00,-2.872059,1.636849,5.9e-05,0.001424,-0.001364
2026-08-05 03:00:00+00:00,-2.88102,1.627995,5.9e-05,0.001569,-0.00151
2026-08-05 04:00:00+00:00,-2.890196,1.61874,5.9e-05,0.001569,-0.00151
2026-08-05 05:00:00+00:00,-2.899438,1.609453,5.9e-05,0.001599,-0.00154
2026-08-05 06:00:00+00:00,-2.908823,1.600201,5.9e-05,0.001599,-0.00154
2026-08-05 07:00:00+00:00,-2.917912,1.591114,5.9e-05,0.001599,-0.00154
2026-08-05 08:00:00+00:00,-2.927053,1.581908,5.9e-05,0.001599,-0.00154
2026-08-05 09:00:00+00:00,-2.936096,1.572803,5.9e-05,0.001656,-0.001596
2026-08-05 10:00:00+00:00,-2.945672,1.563242,5.9e-05,0.001686,-0.001627
2026-08-05 11:00:00+00:00,-2.95478,1.554061,5.9e-05,0.001718,-0.001659
2026-08-05 12:00:00+00:00,-2.964198,1.544624,5.9e-05,0.001786,-0.001726
2026-08-05 13:00:00+00:00,-2.97333,1.535587,5.9e-05,0.001815,-0.001756
2026-08-05 14:00:00+00:00,-2.982102,1.526709,5.9e-05,0.001815,-0.001756
2026-08-05 15:00:00+00:00,-2.990899,1.51788,5.9e-05,0.00188,-0.00182
2026-08-05 16:00:00+00:00,-2.99967,1.508903,5.9e-05,0.001971,-0.001912
2026-08-05 17:00:00+00:00,-3.00836,1.50006,5.9e-05,0.002013,-0.001954
2026-08-05 18:00:00+00:00,-3.016313,1.492229,5.9e-05,0.002013,-0.001954
2026-08-05 19:00:00+00:00,-3.024282,1.484294,5.9e-05,0.002083,-0.002024
2026-08-05 20:00:00+00:00,-3.033172,1.47547,5.9e-05,0.002116,-0.002057
2026-08-05 21:00:00+00:00,-3.042206,1.466504,5.9e-05,0.002116,-0.002057
2026-08-05 22:00:00+00:00,-3.051188,1.457592,5.9e-05,0.002204,-0.002145
2026-08-05 23:00:00+00:00,-3.060144,1.448742,5.9e-05,0.002204,-0.002145
2026-08-06 00:00:00+00:00,-3.067562,1.441253,5.9e-05,0.002204,-0.002145
2026-08-06 01:00:00+00:00,-3.076461,1.432308,5.9e-05,0.002296,-0.002237
2026-08-06 02:00:00+00:00,-3.085418,1.423182,5.9e-05,0.002324,-0.002265
2026-08-06 03:00:00+00:00,-3.094254,1.414361,5.9e-05,0.002324,-0.002265
2026-08-06 04:00:00+00:00,-3.103206,1.405441,5.9e-05,0.002324,-0.002265
2026-08-06 05:00:00+00:00,-3.112606,1.395872,5.9e-05,0.002395,-0.002336
2026-08-06 06:00:00+00:00,-3.121865,1.386527,5.9e-05,0.002395,-0.002336
2026-08-06 07:00:00+00:00,-3.130557,1.378004,5.9e-05,0.002452,-0.002393
2026-08-06 08:00:00+00:00,-3.139438,1.36928,5.9e-05,0.002482,-0.002423
2026-08-06 09:00:00+00:00,-3.148588,1.360298,5.9e-05,0.002509,-0.00245
2026-08-06 10:00:00+00:00,-3.157741,1.351263,5.9e-05,0.0026,-0.002541
2026-08-06 11:00:00+00:00,-3.165749,1.343255,5.9e-05,0.0026,-0.002541
2026-08-06 12:00:00+00:00,-3.174741,1.334345,5.9e-05,0.002659,-0.0026
2026-08-06 13:00:00+00:00,-3.184127,1.32487,5.9e-05,0.002774,-0.002715
2026-08-06 14:00:00+00:00,-3.191962,1.316945,5.9e-05,0.002802,-0.002743
2026-08-06 15:00:00+00:00,-3.200969,1.307989,5.9e-05,0.002862,-0.002803
2026-08-06 16:00:00+00:00,-3.209886,1.299107,5.9e-05,0.002958,-0.002899
2026-08-06 17:00:00+00:00,-3.217792,1.291212,5.9e-05,0.002958,-0.002899
2026-08-06 18:00:00+00:00,-3.226638,1.282252,5.9e-05,0.003017,-0.002958
2026-08-06 19:00:00+00:00,-3.235427,1.273285,5.9e-05,0.003054,-0.002995
2026-08-06 20:00:00+00:00,-3.243923,1.265256,5.9e-05,0.003054,-0.002995
2026-08-06 21:00:00+00:00,-3.252891,1.256237,5.9e-05,0.003111,-0.003052
2026-08-06 22:00:00+00:00,-3.261735,1.247379,5.9e-05,0.003175,-0.003116
2026-08-06 23:00:00+00:00,-3.270392,1.238824,5.9e-05,0.003204,-0.003144
2026-08-07 00:00:00+00:00,-3.279594,1.229484,5.9e-05,0.003204,-0.003144
2026-08-07 01:00:00+00:00,-3.288699,1.220374,5.9e-05,0.003235,-0.003176
2026-08-07 02:00:00+00:00,-3.297418,1.211764,5.9e-05,0.003235,-0.003176
2026-08-07 03:00:00+00:00,-3.306255,1.202953,5.9e-05,0.003235,-0.003176
2026-08-07 04:00:00+00:00,-3.314672,1.194436,5.9e-05,0.003335,-0.003276
2026-08-07 05:00:00+00:00,-3.3232,1.185861,5.9e-05,0.003335,-0.003276
2026-08-07 06:00:00+00:00,-3.331699,1.177322,5.9e-05,0.003365,-0.003306
2026-08-07 07:00:00+00:00,-3.340139,1.168951,5.9e-05,0.003365,-0.003306
2026-08-07 08:00:00+00:00,-3.349362,1.159675,5.9e-05,0.003458,-0.003399
2026-08-07 09:00:00+00:00,-3.358094,1.150756,5.9e-05,0.003485,-0.003426
2026-08-07 10:00:00+00:00,-3.366703,1.142284,5.9e-05,0.003511,-0.003452
2026-08-07 11:00:00+00:00,-3.374708,1.134383,5.9e-05,0.003511,-0.003452
2026-08-07 12:00:00+00:00,-3.382144,1.126833,5.9e-05,0.003511,-0.003452
2026-08-07 13:00:00+00:00,-3.390842,1.118189,5.9e-05,0.00354,-0.00348
2026-08-07 14:00:00+00:00,-3.397821,1.111218,5.9e-05,0.00354,-0.00348
2026-08-07 15:00:00+00:00,-3.405748,1.103344,5.9e-05,0.00354,-0.00348
2026-08-07 16:00:00+00:00,-3.412657,1.096666,5.9e-05,0.00354,-0.00348
2026-08-07 17:00:00+00:00,-3.420459,1.088976,5.9e-05,0.003571,-0.003512
2026-08-07 18:00:00+00:00,-3.428114,1.081567,5.9e-05,0.003571,-0.003512
2026-08-07 19:00:00+00:00,-3.434818,1.074861,5.9e-05,0.003571,-0.003512
2026-08-07 20:00:00+00:00,-3.442288,1.06741,5.9e-05,0.003599,-0.003539
2026-08-07 21:00:00+00:00,-3.450525,1.059035,5.9e-05,0.003627,-0.003568
2026-08-07 22:00:00+00:00,-3.45981,1.049744,5.9e-05,0.003664,-0.003605
2026-08-07 23:00:00+00:00,-3.467091,1.042423,5.9e-05,0.003664,-0.003605
2026-08-08 00:00:00+00:00,-3.475664,1.033879,5.9e-05,0.003722,-0.003663
2026-08-08 01:00:00+00:00,-3.483474,1.026236,5.9e-05,0.003722,-0.003663
2026-08-08 02:00:00+00:00,-3.492028,1.017774,8.9e-05,0.003722,-0.003634
2026-08-08 03:00:00+00:00,-3.500743,1.009037,8.9e-05,0.003722,-0.003634
2026-08-08 04:00:00+00:00,-3.509745,1.000145,8.9e-05,0.003751,-0.003663
2026-08-08 05:00:00+00:00,-3.518164,0.99172,8.9e-05,0.003751,-0.003663
2026-08-08 06:00:00+00:00,-3.52716,0.982875,8.9e-05,0.003895,-0.003807
2026-08-08 07:00:00+00:00,-3.536083,0.973918,0.000119,0.00396,-0.003841
2026-08-08 08:00:00+00:00,-3.544902,0.965126,0.000119,0.00396,-0.003841
2026-08-08 09:00:00+00:00,-3.553724,0.956253,0.000119,0.004021,-0.003902
2026-08-08 10:00:00+00:00,-3.561206,0.948794,0.000119,0.004021,-0.003902
2026-08-08 11:00:00+00:00,-3.568823,0.94121,0.000119,0.004021,-0.003902
2026-08-08 12:00:00+00:00,-3.575818,0.934166,0.000119,0.004021,-0.003902
2026-08-08 13:00:00+00:00,-3.584562,0.925425,0.000119,0.004049,-0.00393
2026-08-08 14:00:00+00:00,-3.593524,0.916441,0.000119,0.004105,-0.003986
2026-08-08 15:00:00+00:00,-3.602572,0.90733,0.000149,0.004135,-0.003986
2026-08-08 16:00:00+00:00,-3.611132,0.898704,0.000149,0.004165,-0.004016
2026-08-08 17:00:00+00:00,-3.620162,0.889519,0.000149,0.004218,-0.004069
2026-08-08 18:00:00+00:00,-3.629082,0.880744,0.000149,0.004248,-0.004099
2026-08-08 19:00:00+00:00,-3.637652,0.872126,0.000149,0.004315,-0.004166
2026-08-08 20:00:00+00:00,-3.646516,0.863202,0.000149,0.004315,-0.004166
2026-08-08 21:00:00+00:00,-3.655639,0.85417,0.000149,0.004315,-0.004166
2026-08-08 22:00:00+00:00,-3.664615,0.845227,0.000149,0.004342,-0.004193
2026-08-08 23:00:00+00:00,-3.674002,0.835942,0.000149,0.004342,-0.004193
2026-08-09 00:00:00+00:00,-3.683258,0.826773,0.000149,0.004373,-0.004224
2026-08-09 01:00:00+00:00,-3.692439,0.817528,0.000149,0.004432,-0.004284
2026-08-09 02:00:00+00:00,-3.70137,0.808661,0.000149,0.004432,-0.004284
2026-08-09 03:00:00+00:00,-3.710279,0.7998,0.000149,0.004468,-0.004319
2026-08-09 04:00:00+00:00,-3.719316,0.790855,0.000149,0.004504,-0.004356
2026-08-09 05:00:00+00:00,-3.728275,0.781888,0.000149,0.004562,-0.004414
2026-08-09 06:00:00+00:00,-3.737336,0.772649,0.000149,0.004562,-0.004414
2026-08-09 07:00:00+00:00,-3.745772,0.764333,0.000149,0.004589,-0.00444
2026-08-09 08:00:00+00:00,-3.754341,0.755779,0.000149,0.004621,-0.004472
2026-08-09 09:00:00+00:00,-3.763183,0.746946,0.000149,0.004621,-0.004472
2026-08-09 10:00:00+00:00,-3.772176,0.737856,0.000149,0.00468,-0.004531
2026-08-09 11:00:00+00:00,-3.780913,0.729221,0.000149,0.004709,-0.00456
2026-08-09 12:00:00+00:00,-3.789859,0.720217,0.000149,0.004709,-0.00456
2026-08-09 13:00:00+00:00,-3.798684,0.711485,0.000149,0.004739,-0.004591
2026-08-09 14:00:00+00:00,-3.807859,0.702363,0.000149,0.004803,-0.004654
2026-08-09 15:00:00+00:00,-3.816984,0.693226,0.000149,0.004803,-0.004654
2026-08-09 16:00:00+00:00,-3.825923,0.684276,0.000149,0.004803,-0.004654
2026-08-09 17:00:00+00:00,-3.834771,0.675368,0.000149,0.004803,-0.004654
2026-08-09 18:00:00+00:00,-3.843432,0.666726,0.000149,0.004803,-0.004654
2026-08-09 19:00:00+00:00,-3.852346,0.657839,0.000149,0.004891,-0.004742
2026-08-09 20:00:00+00:00,-3.861457,0.6488,0.000149,0.00495,-0.004801
2026-08-09 21:00:00+00:00,-3.870445,0.639863,0.000149,0.004979,-0.00483
2026-08-09 22:00:00+00:00,-3.87973,0.63058,0.000149,0.004979,-0.00483
2026-08-09 23:00:00+00:00,-3.888766,0.621627,0.000149,0.005011,-0.004862
2026-08-10 00:00:00+00:00,-3.897493,0.612792,0.000149,0.005069,-0.004921
2026-08-10 01:00:00+00:00,-3.906508,0.603663,0.000149,0.00513,-0.004981
2026-08-10 02:00:00+00:00,-3.91545,0.594746,0.000149,0.005159,-0.005011
2026-08-10 03:00:00+00:00,-3.924376,0.58574,0.000149,0.005189,-0.00504
2026-08-10 04:00:00+00:00,-3.933264,0.576881,0.000149,0.005219,-0.00507
2026-08-10 05:00:00+00:00,-3.942472,0.56759,0.000179,0.005318,-0.005139
2026-08-10 06:00:00+00:00,-3.951789,0.558187,0.000179,0.005345,-0.005166
2026-08-10 07:00:00+00:00,-3.960685,0.549318,0.000179,0.005345,-0.005166
2026-08-10 08:00:00+00:00,-3.969651,0.540353,0.000179,0.00541,-0.005231
2026-08-10 09:00:00+00:00,-3.978607,0.531515,0.000179,0.00541,-0.005231
2026-08-10 10:00:00+00:00,-3.987431,0.522965,0.000179,0.00541,-0.005231
2026-08-10 11:00:00+00:00,-3.996285,0.514069,0.000179,0.005437,-0.005258
2026-08-10 12:00:00+00:00,-4.00528,0.505063,0.000179,0.005552,-0.005373
2026-08-10 13:00:00+00:00,-4.014459,0.49576,0.000179,0.005552,-0.005373
2026-08-10 14:00:00+00:00,-4.023116,0.48715,0.000179,0.005552,-0.005373
2026-08-10 15:00:00+00:00,-4.032036,0.478243,0.000179,0.005582,-0.005403
2026-08-10 16:00:00+00:00,-4.040971,0.469226,0.000179,0.00561,-0.005431
2026-08-10 17:00:00+00:00,-4.050035,0.460107,0.000179,0.005641,-0.005462
2026-08-10 18:00:00+00:00,-4.058722,0.451569,0.000179,0.005669,-0.00549
2026-08-10 19:00:00+00:00,-4.067123,0.443094,0.000179,0.005669,-0.00549
2026-08-10 20:00:00+00:00,-4.075416,0.434827,0.000179,0.005669,-0.00549
2026-08-10 21:00:00+00:00,-4.084004,0.426188,0.000179,0.005701,-0.005522
2026-08-10 22:00:00+00:00,-4.092534,0.417751,0.000179,0.005729,-0.00555
2026-08-10 23:00:00+00:00,-4.101552,0.408736,0.000179,0.005764,-0.005585
2026-08-11 00:00:00+00:00,-4.110407,0.399964,0.000179,0.005824,-0.005645
2026-08-11 01:00:00+00:00,-4.119195,0.391205,0.000179,0.005853,-0.005674
2026-08-11 02:00:00+00:00,-4.128137,0.382159,0.000179,0.005881,-0.005702
2026-08-11 03:00:00+00:00,-4.13713,0.373115,0.000179,0.005881,-0.005702
2026-08-11 04:00:00+00:00,-4.146159,0.363916,0.000179,0.005881,-0.005702
2026-08-11 05:00:00+00:00,-4.155064,0.355139,0.000179,0.005912,-0.005733
2026-08-11 06:00:00+00:00,-4.164122,0.345973,0.000179,0.005968,-0.005789
2026-08-11 07:00:00+00:00,-4.173059,0.336928,0.000179,0.005996,-0.005817
2026-08-11 08:00:00+00:00,-4.181944,0.328025,0.000179,0.005996,-0.005817
2026-08-11 09:00:00+00:00,-4.190915,0.319192,0.000179,0.006056,-0.005877
2026-08-11 10:00:00+00:00,-4.199789,0.310478,0.000179,0.006056,-0.005877
2026-08-11 11:00:00+00:00,-4.208686,0.301727,0.000179,0.006056,-0.005877
2026-08-11 12:00:00+00:00,-4.217355,0.293153,0.000179,0.006116,-0.005937
2026-08-11 13:00:00+00:00,-4.226243,0.284434,0.000179,0.006116,-0.005937
2026-08-11 14:00:00+00:00,-4.235002,0.275712,0.000179,0.006116,-0.005937
2026-08-11 15:00:00+00:00,-4.243737,0.267001,0.000179,0.006149,-0.00597
2026-08-11 16:00:00+00:00,-4.252748,0.2581,0.000179,0.006206,-0.006027
2026-08-11 17:00:00+00:00,-4.261793,0.249124,0.000179,0.006292,-0.006113
2026-08-11 18:00:00+00:00,-4.270927,0.240068,0.000179,0.006319,-0.00614
2026-08-11 19:00:00+00:00,-4.279681,0.231561,0.000179,0.006352,-0.006173
2026-08-11 20:00:00+00:00,-4.288145,0.223268,0.000179,0.006411,-0.006232
2026-08-11 21:00:00+00:00,-4.297074,0.214392,0.000179,0.006441,-0.006262
2026-08-11 22:00:00+00:00,-4.306002,0.205639,0.000179,0.006468,-0.006289
2026-08-11 23:00:00+00:00,-4.314765,0.197046,0.000179,0.006496,-0.006317
2026-08-12 00:00:00+00:00,-4.323546,0.18822,0.000179,0.006496,-0.006317
2026-08-12 01:00:00+00:00,-4.332483,0.179475,0.000179,0.006496,-0.006317
2026-08-12 02:00:00+00:00,-4.341213,0.170664,0.000179,0.006496,-0.006317
2026-08-12 03:00:00+00:00,-4.350519,0.161321,0.000179,0.006496,-0.006317
2026-08-12 04:00:00+00:00,-4.359373,0.152411,0.000179,0.006496,-0.006317
2026-08-12 05:00:00+00:00,-4.368201,0.143715,0.000179,0.006523,-0.006344
2026-08-12 06:00:00+00:00,-4.377217,0.134726,0.000179,0.006582,-0.006403
2026-08-12 07:00:00+00:00,-4.386123,0.126025,0.000179,0.006612,-0.006433
2026-08-12 08:00:00+00:00,-4.394976,0.117202,0.000179,0.006669,-0.00649
2026-08-12 09:00:00+00:00,-4.403898,0.108429,0.000179,0.006669,-0.00649
2026-08-12 10:00:00+00:00,-4.412838,0.099586,0.000179,0.006669,-0.00649
2026-08-12 11:00:00+00:00,-4.421686,0.090777,0.000179,0.006727,-0.006548
2026-08-12 12:00:00+00:00,-4.430283,0.082206,0.000179,0.006727,-0.006548
2026-08-12 13:00:00+00:00,-4.438948,0.073766,0.000179,0.006755,-0.006576
2026-08-12 14:00:00+00:00,-4.447663,0.065175,0.000179,0.006785,-0.006606
2026-08-12 15:00:00+00:00,-4.456667,0.056266,0.000179,0.006811,-0.006632
2026-08-12 16:00:00+00:00,-4.465976,0.046888,0.000179,0.006811,-0.006632
2026-08-12 17:00:00+00:00,-4.474568,0.038434,0.000179,0.006901,-0.006722
2026-08-12 18:00:00+00:00,-4.483212,0.029454,0.000179,0.00699,-0.006811
2026-08-12 19:00:00+00:00,-4.492318,0.020484,0.000179,0.00699,-0.006811
2026-08-12 20:00:00+00:00,-4.501657,0.010936,0.000179,0.007045,-0.006866
2026-08-12 21:00:00+00:00,-4.510789,0.001944,0.000179,0.007135,-0.006956
2026-08-12 22:00:00+00:00,-4.519899,-0.007147,0.000179,0.007164,-0.006985
2026-08-12 23:00:00+00:00,-4.528716,-0.015955,0.000179,0.007164,-0.006985
2026-08-13 00:00:00+00:00,-4.537261,-0.024505,0.000179,0.007193,-0.007014
2026-08-13 01:00:00+00:00,-4.5464,-0.033603,0.000179,0.007336,-0.007157
2026-08-13 02:00:00+00:00,-4.555413,-0.042526,0.000179,0.007336,-0.007157
2026-08-13 03:00:00+00:00,-4.564533,-0.051732,0.000179,0.007336,-0.007157
2026-08-13 04:00:00+00:00,-4.573828,-0.061143,0.000179,0.00737,-0.007191
2026-08-13 05:00:00+00:00,-4.583052,-0.070505,0.000179,0.00737,-0.007191
2026-08-13 06:00:00+00:00,-4.592072,-0.079604,0.000179,0.007431,-0.007252
2026-08-13 07:00:00+00:00,-4.600954,-0.088515,0.000179,0.007492,-0.007312
2026-08-13 08:00:00+00:00,-4.60961,-0.097181,0.000179,0.00752,-0.007341
2026-08-13 09:00:00+00:00,-4.618584,-0.106139,0.000179,0.007576,-0.007397
2026-08-13 10:00:00+00:00,-4.627661,-0.115248,0.000179,0.007576,-0.007397
2026-08-13 11:00:00+00:00,-4.636726,-0.124204,0.000179,0.007576,-0.007397
2026-08-13 12:00:00+00:00,-4.6457,-0.133259,0.000179,0.007606,-0.007427
2026-08-13 13:00:00+00:00,-4.654425,-0.141974,0.000179,0.007671,-0.007491
2026-08-13 14:00:00+00:00,-4.663508,-0.151177,0.000179,0.007671,-0.007491
2026-08-13 15:00:00+00:00,-4.672331,-0.16006,0.000179,0.007699,-0.00752
2026-08-13 16:00:00+00:00,-4.681495,-0.16914,0.000179,0.00773,-0.007551
2026-08-13 17:00:00+00:00,-4.68995,-0.17762,0.000179,0.007793,-0.007614
2026-08-13 18:00:00+00:00,-4.698969,-0.186582,0.000179,0.007793,-0.007614
2026-08-13 19:00:00+00:00,-4.707983,-0.195584,0.000179,0.007821,-0.007642
2026-08-13 20:00:00+00:00,-4.717101,-0.204756,0.000179,0.007821,-0.007642
2026-08-13 21:00:00+00:00,-4.726181,-0.213901,0.000179,0.007856,-0.007677
2026-08-13 22:00:00+00:00,-4.73506,-0.222753,0.000179,0.007856,-0.007677
2026-08-13 23:00:00+00:00,-4.74361,-0.231185,0.000179,0.007856,-0.007677
2026-08-14 00:00:00+00:00,-4.752377,-0.239742,0.000179,0.007926,-0.007747
2026-08-14 01:00:00+00:00,-4.761528,-0.248952,0.000179,0.007957,-0.007778
2026-08-14 02:00:00+00:00,-4.77065,-0.257831,0.000179,0.008021,-0.007842
2026-08-14 03:00:00+00:00,-4.779742,-0.266802,0.000179,0.008021,-0.007842
2026-08-14 04:00:00+00:00,-4.788772,-0.275847,0.000179,0.008062,-0.007883
2026-08-14 05:00:00+00:00,-4.798073,-0.285122,0.000179,0.008095,-0.007916
2026-08-14 06:00:00+00:00,-4.80686,-0.293656,0.000179,0.008123,-0.007944
2026-08-14 07:00:00+00:00,-4.815776,-0.302755,0.000179,0.008179,-0.008
2026-08-14 08:00:00+00:00,-4.824741,-0.311648,0.000179,0.008211,-0.008032
2026-08-14 09:00:00+00:00,-4.833569,-0.320376,0.000179,0.008238,-0.008059
2026-08-14 10:00:00+00:00,-4.842701,-0.329448,0.000179,0.008238,-0.008059
2026-08-14 11:00:00+00:00,-4.851574,-0.338287,0.000179,0.008238,-0.008059
2026-08-14 12:00:00+00:00,-4.860482,-0.347095,0.000179,0.008294,-0.008115
2026-08-14 13:00:00+00:00,-4.869186,-0.355761,0.000179,0.008294,-0.008115
2026-08-14 14:00:00+00:00,-4.878287,-0.364904,0.000208,0.008294,-0.008086
2026-08-14 15:00:00+00:00,-4.887241,-0.373762,0.000208,0.008294,-0.008086
2026-08-14 16:00:00+00:00,-4.89628,-0.382856,0.000208,0.008322,-0.008114
2026-08-14 17:00:00+00:00,-4.90515,-0.391657,0.000208,0.008381,-0.008173
2026-08-14 18:00:00+00:00,-4.913739,-0.400195,0.000208,0.008381,-0.008173
2026-08-14 19:00:00+00:00,-4.92275,-0.409197,0.000208,0.008381,-0.008173
2026-08-14 20:00:00+00:00,-4.931496,-0.418004,0.000208,0.008443,-0.008235
2026-08-14 21:00:00+00:00,-4.939921,-0.426471,0.000208,0.008443,-0.008235
2026-08-14 22:00:00+00:00,-4.948851,-0.435641,0.000208,0.00847,-0.008262
2026-08-14 23:00:00+00:00,-4.95786,-0.444526,0.000208,0.008496,-0.008288
2026-08-15 00:00:00+00:00,-4.967094,-0.453808,0.000208,0.008526,-0.008318
2026-08-15 01:00:00+00:00,-4.976021,-0.462869,0.000208,0.008556,-0.008348
2026-08-15 02:00:00+00:00,-4.985289,-0.47217,0.000208,0.008556,-0.008348
2026-08-15 03:00:00+00:00,-4.994153,-0.480984,0.000208,0.008556,-0.008348
2026-08-15 04:00:00+00:00,-5.003301,-0.49021,0.000208,0.008585,-0.008377
2026-08-15 05:00:00+00:00,-5.012222,-0.498982,0.000208,0.008619,-0.008411
2026-08-15 06:00:00+00:00,-5.021054,-0.507855,0.000208,0.008619,-0.008411
2026-08-15 07:00:00+00:00,-5.030133,-0.516805,0.000208,0.008649,-0.008441
2026-08-15 08:00:00+00:00,-5.039112,-0.525767,0.000208,0.008676,-0.008468
2026-08-15 09:00:00+00:00,-5.047731,-0.534171,0.000208,0.008676,-0.008468
2026-08-15 10:00:00+00:00,-5.056215,-0.542826,0.000208,0.008676,-0.008468
2026-08-15 11:00:00+00:00,-5.065412,-0.552029,0.000208,0.008705,-0.008497
2026-08-15 12:00:00+00:00,-5.073888,-0.560493,0.000208,0.008764,-0.008555
2026-08-15 13:00:00+00:00,-5.082872,-0.569437,0.000208,0.008851,-0.008643
2026-08-15 14:00:00+00:00,-5.091434,-0.577836,0.000239,0.008915,-0.008676
2026-08-15 15:00:00+00:00,-5.100046,-0.586354,0.000239,0.008943,-0.008704
2026-08-15 16:00:00+00:00,-5.108944,-0.595206,0.000239,0.00897,-0.008732
2026-08-15 17:00:00+00:00,-5.11776,-0.604129,0.000239,0.009005,-0.008766
2026-08-15 18:00:00+00:00,-5.126626,-0.612937,0.000239,0.009067,-0.008828
2026-08-15 19:00:00+00:00,-5.13553,-0.621607,0.000239,0.009098,-0.008859
2026-08-15 20:00:00+00:00,-5.144195,-0.63054,0.000239,0.009189,-0.00895
2026-08-15 21:00:00+00:00,-5.153135,-0.639332,0.000239,0.009254,-0.009015
2026-08-15 22:00:00+00:00,-5.161977,-0.648124,0.000239,0.009254,-0.009015
2026-08-15 23:00:00+00:00,-5.170685,-0.65667,0.000239,0.009288,-0.009049
2026-08-16 00:00:00+00:00,-5.179554,-0.665558,0.000239,0.009288,-0.009049
2026-08-16 01:00:00+00:00,-5.188484,-0.674533,0.000239,0.009288,-0.009049
2026-08-16 02:00:00+00:00,-5.197142,-0.683102,0.000239,0.009288,-0.009049
2026-08-16 03:00:00+00:00,-5.206203,-0.692075,0.000239,0.009317,-0.009078
2026-08-16 04:00:00+00:00,-5.215051,-0.700921,0.000239,0.009317,-0.009078
2026-08-16 05:00:00+00:00,-5.223825,-0.709463,0.000239,0.009349,-0.00911
2026-08-16 06:00:00+00:00,-5.232711,-0.718438,0.000239,0.009377,-0.009138
2026-08-16 07:00:00+00:00,-5.24122,-0.726988,0.000239,0.009409,-0.00917
2026-08-16 08:00:00+00:00,-5.249986,-0.735623,0.000239,0.009437,-0.009199
2026-08-16 09:00:00+00:00,-5.258462,-0.744135,0.000239,0.009526,-0.009287
2026-08-16 10:00:00+00:00,-5.26693,-0.752419,0.000267,0.009556,-0.009289
2026-08-16 11:00:00+00:00,-5.275464,-0.760916,0.000267,0.009612,-0.009345
2026-08-16 12:00:00+00:00,-5.284184,-0.76957,0.000267,0.009612,-0.009345
2026-08-16 13:00:00+00:00,-5.292807,-0.778182,0.000267,0.009612,-0.009345
2026-08-16 14:00:00+00:00,-5.301285,-0.786653,0.000267,0.009642,-0.009375
2026-08-16 15:00:00+00:00,-5.310126,-0.795408,0.000267,0.009642,-0.009375
2026-08-16 16:00:00+00:00,-5.31882,-0.804102,0.000267,0.009642,-0.009375
2026-08-16 17:00:00+00:00,-5.327809,-0.813057,0.000267,0.009669,-0.009402
2026-08-16 18:00:00+00:00,-5.336655,-0.821616,0.000267,0.009757,-0.00949
2026-08-16 19:00:00+00:00,-5.345704,-0.830616,0.000267,0.009757,-0.00949
2026-08-16 20:00:00+00:00,-5.354719,-0.839672,0.000267,0.009757,-0.00949
2026-08-16 21:00:00+00:00,-5.363523,-0.848429,0.000267,0.009757,-0.00949
2026-08-16 22:00:00+00:00,-5.371987,-0.857015,0.000267,0.009757,-0.00949
2026-08-16 23:00:00+00:00,-5.380919,-0.865895,0.000267,0.009784,-0.009517
2026-08-17 00:00:00+00:00,-5.389976,-0.874807,0.000267,0.009784,-0.009517
2026-08-17 01:00:00+00:00,-5.398693,-0.883788,0.000267,0.009818,-0.009551
2026-08-17 02:00:00+00:00,-5.407642,-0.892623,0.000267,0.009818,-0.009551
2026-08-17 03:00:00+00:00,-5.416842,-0.901688,0.000267,0.009818,-0.009551
2026-08-17 04:00:00+00:00,-5.425532,-0.910483,0.000267,0.009844,-0.009577
2026-08-17 05:00:00+00:00,-5.434419,-0.919201,0.000267,0.009844,-0.009577
2026-08-17 06:00:00+00:00,-5.443489,-0.928168,0.000267,0.009879,-0.009612
2026-08-17 07:00:00+00:00,-5.452124,-0.936933,0.000267,0.00992,-0.009653
2026-08-17 08:00:00+00:00,-5.461077,-0.945966,0.000267,0.00992,-0.009653
2026-08-17 09:00:00+00:00,-5.470214,-0.955002,0.000267,0.009949,-0.009682
2026-08-17 10:00:00+00:00,-5.47915,-0.963847,0.000267,0.00998,-0.009713
2026-08-17 11:00:00+00:00,-5.48817,-0.972859,0.000267,0.00998,-0.009713
2026-08-17 12:00:00+00:00,-5.496959,-0.981656,0.000267,0.010008,-0.009741
2026-08-17 13:00:00+00:00,-5.505961,-0.990684,0.000267,0.010008,-0.009741
2026-08-17 14:00:00+00:00,-5.51507,-0.999661,0.000267,0.010008,-0.009741
2026-08-17 15:00:00+00:00,-5.523803,-1.008392,0.000267,0.010008,-0.009741
2026-08-17 16:00:00+00:00,-5.532361,-1.016787,0.000267,0.010008,-0.009741
2026-08-17 17:00:00+00:00,-5.541367,-1.025745,0.000267,0.010008,-0.009741
2026-08-17 18:00:00+00:00,-5.550442,-1.034793,0.000267,0.010038,-0.009771
2026-08-17 19:00:00+00:00,-5.559595,-1.043908,0.000267,0.01007,-0.009803
2026-08-17 20:00:00+00:00,-5.568573,-1.05293,0.000267,0.01007,-0.009803
2026-08-17 21:00:00+00:00,-5.577378,-1.061607,0.000296,0.0101,-0.009804
2026-08-17 22:00:00+00:00,-5.58629,-1.070357,0.000296,0.010163,-0.009867
2026-08-17 23:00:00+00:00,-5.595375,-1.079371,0.000296,0.010163,-0.009867
2026-08-18 00:00:00+00:00,-5.604253,-1.088023,0.000296,0.010163,-0.009867
2026-08-18 01:00:00+00:00,-5.612998,-1.096598,0.000296,0.010221,-0.009925
2026-08-18 02:00:00+00:00,-5.621851,-1.1054,0.000296,0.010221,-0.009925
2026-08-18 03:00:00+00:00,-5.630719,-1.114458,0.000296,0.010221,-0.009925
2026-08-18 04:00:00+00:00,-5.639357,-1.123144,0.000324,0.01025,-0.009926
2026-08-18 05:00:00+00:00,-5.648524,-1.132273,0.000324,0.010311,-0.009988
2026-08-18 06:00:00+00:00,-5.657455,-1.141078,0.000324,0.010368,-0.010044
2026-08-18 07:00:00+00:00,-5.666399,-1.149906,0.000324,0.010368,-0.010044
2026-08-18 08:00:00+00:00,-5.675485,-1.159046,0.000324,0.010368,-0.010044
2026-08-18 09:00:00+00:00,-5.684539,-1.168113,0.000324,0.010368,-0.010044
2026-08-18 10:00:00+00:00,-5.69298,-1.176516,0.000324,0.010368,-0.010044
2026-08-18 11:00:00+00:00,-5.701995,-1.185585,0.000324,0.010368,-0.010044
2026-08-18 12:00:00+00:00,-5.711063,-1.194636,0.000324,0.010368,-0.010044
2026-08-18 13:00:00+00:00,-5.719942,-1.203464,0.000324,0.010397,-0.010073
2026-08-18 14:00:00+00:00,-5.728501,-1.212233,0.000324,0.010397,-0.010073
2026-08-18 15:00:00+00:00,-5.736821,-1.220507,0.000324,0.010397,-0.010073
2026-08-18 16:00:00+00:00,-5.74549,-1.228934,0.000324,0.010397,-0.010073
2026-08-18 17:00:00+00:00,-5.754303,-1.237815,0.000324,0.010397,-0.010073
2026-08-18 18:00:00+00:00,-5.763037,-1.246748,0.000324,0.010397,-0.010073
2026-08-18 19:00:00+00:00,-5.772134,-1.255847,0.000324,0.010429,-0.010105
2026-08-18 20:00:00+00:00,-5.780613,-1.264244,0.000324,0.010457,-0.010133
2026-08-18 21:00:00+00:00,-5.788635,-1.27201,0.000324,0.010487,-0.010163
2026-08-18 22:00:00+00:00,-5.795712,-1.279003,0.000324,0.010517,-0.010193
2026-08-18 23:00:00+00:00,-5.803771,-1.287012,0.000324,0.010548,-0.010224
2026-08-19 00:00:00+00:00,-5.811363,-1.294605,0.000324,0.010548,-0.010224
2026-08-19 01:00:00+00:00,-5.818259,-1.301587,0.000324,0.010548,-0.010224
2026-08-19 02:00:00+00:00,-5.826394,-1.309717,0.000324,0.010548,-0.010224
2026-08-19 03:00:00+00:00,-5.833786,-1.316938,0.000324,0.010577,-0.010253
2026-08-19 04:00:00+00:00,-5.842092,-1.325028,0.000354,0.010694,-0.010341
2026-08-19 05:00:00+00:00,-5.850213,-1.33319,0.000354,0.010722,-0.010369
2026-08-19 06:00:00+00:00,-5.858609,-1.341512,0.000354,0.010722,-0.010369
2026-08-19 07:00:00+00:00,-5.867045,-1.34981,0.000354,0.010786,-0.010432
2026-08-19 08:00:00+00:00,-5.875237,-1.357995,0.000354,0.010845,-0.010492
2026-08-19 09:00:00+00:00,-5.883302,-1.366077,0.000354,0.010882,-0.010528
2026-08-19 10:00:00+00:00,-5.891488,-1.374307,0.000354,0.010882,-0.010528
2026-08-19 11:00:00+00:00,-5.898547,-1.381271,0.000354,0.010882,-0.010528
2026-08-19 12:00:00+00:00,-5.906026,-1.38862,0.000354,0.01094,-0.010586
2026-08-19 13:00:00+00:00,-5.912575,-1.395251,0.000354,0.01094,-0.010586
2026-08-19 14:00:00+00:00,-5.919119,-1.401721,0.000354,0.010974,-0.010621
2026-08-19 15:00:00+00:00,-5.926614,-1.40886,0.000354,0.011069,-0.010715
2026-08-19 16:00:00+00:00,-5.933599,-1.415794,0.000354,0.011158,-0.010805
2026-08-19 17:00:00+00:00,-5.940598,-1.422758,0.000354,0.011218,-0.010865
2026-08-19 18:00:00+00:00,-5.94708,-1.429256,0.000354,0.011249,-0.010896
2026-08-19 19:00:00+00:00,-5.955012,-1.437228,0.000354,0.011249,-0.010896
2026-08-19 20:00:00+00:00,-5.96333,-1.445518,0.000354,0.011344,-0.01099
2026-08-19 21:00:00+00:00,-5.97133,-1.453371,0.000382,0.011377,-0.010994
2026-08-19 22:00:00+00:00,-5.978319,-1.460319,0.000382,0.011377,-0.010994
2026-08-19 23:00:00+00:00,-5.985766,-1.468042,0.000382,0.011434,-0.011051
2026-08-20 00:00:00+00:00,-5.994325,-1.476613,0.000412,0.011495,-0.011083
2026-08-20 01:00:00+00:00,-6.002907,-1.485308,0.000412,0.011524,-0.011112
2026-08-20 02:00:00+00:00,-6.010785,-1.493242,0.000412,0.011524,-0.011112
2026-08-20 03:00:00+00:00,-6.018634,-1.501066,0.000412,0.011557,-0.011145
2026-08-20 04:00:00+00:00,-6.026967,-1.509309,0.000412,0.011643,-0.011231
2026-08-20 05:00:00+00:00,-6.035493,-1.517825,0.00044,0.011643,-0.011202
2026-08-20 06:00:00+00:00,-6.043622,-1.526022,0.00044,0.011673,-0.011232
2026-08-20 07:00:00+00:00,-6.051337,-1.533749,0.00044,0.011828,-0.011388
2026-08-20 08:00:00+00:00,-6.059437,-1.541786,0.00044,0.011957,-0.011517
2026-08-20 09:00:00+00:00,-6.067109,-1.549359,0.000472,0.011957,-0.011485
2026-08-20 10:00:00+00:00,-6.074915,-1.557276,0.000472,0.011986,-0.011514
2026-08-20 11:00:00+00:00,-6.083317,-1.565506,0.000472,0.011986,-0.011514
2026-08-20 12:00:00+00:00,-6.09126,-1.57338,0.000472,0.011986,-0.011514
2026-08-20 13:00:00+00:00,-6.100011,-1.582019,0.000472,0.012043,-0.011571
2026-08-20 14:00:00+00:00,-6.106512,-1.588442,0.000472,0.012043,-0.011571
2026-08-20 15:00:00+00:00,-6.113264,-1.595236,0.000472,0.012043,-0.011571
2026-08-20 16:00:00+00:00,-6.121138,-1.602948,0.000472,0.0121,-0.011628
2026-08-20 17:00:00+00:00,-6.126809,-1.608478,0.000472,0.012131,-0.011659
2026-08-20 18:00:00+00:00,-6.134979,-1.616664,0.000472,0.01222,-0.011748
2026-08-20 19:00:00+00:00,-6.143334,-1.624907,0.000472,0.01222,-0.011748
2026-08-20 20:00:00+00:00,-6.151449,-1.632985,0.000472,0.01222,-0.011748
2026-08-20 21:00:00+00:00,-6.159562,-1.641001,0.000472,0.01222,-0.011748
2026-08-20 22:00:00+00:00,-6.167877,-1.649334,0.000472,0.01222,-0.011748
2026-08-20 23:00:00+00:00,-6.176022,-1.657317,0.000472,0.01222,-0.011748
2026-08-21 00:00:00+00:00,-6.183588,-1.664909,0.000472,0.01222,-0.011748
2026-08-21 01:00:00+00:00,-6.191678,-1.67306,0.000472,0.012248,-0.011776
2026-08-21 02:00:00+00:00,-6.200212,-1.681697,0.000472,0.012308,-0.011836
2026-08-21 03:00:00+00:00,-6.208339,-1.69004,0.000472,0.012308,-0.011836
2026-08-21 04:00:00+00:00,-6.216493,-1.697961,0.000472,0.012366,-0.011894
2026-08-21 05:00:00+00:00,-6.224727,-1.706377,0.000472,0.012366,-0.011894
2026-08-21 06:00:00+00:00,-6.232831,-1.714381,0.000472,0.012426,-0.011954
2026-08-21 07:00:00+00:00,-6.240747,-1.722242,0.000472,0.012576,-0.012104
2026-08-21 08:00:00+00:00,-6.248662,-1.729982,0.000472,0.012669,-0.012197
2026-08-21 09:00:00+00:00,-6.256941,-1.738474,0.000472,0.012704,-0.012232
2026-08-21 10:00:00+00:00,-6.265298,-1.746762,0.000472,0.012704,-0.012232
2026-08-21 11:00:00+00:00,-6.273382,-1.754602,0.000472,0.012704,-0.012232
2026-08-21 12:00:00+00:00,-6.279794,-1.760801,0.000472,0.012735,-0.012263
2026-08-21 13:00:00+00:00,-6.288081,-1.76908,0.000472,0.01277,-0.012298
2026-08-21 14:00:00+00:00,-6.295289,-1.776091,0.000472,0.01277,-0.012298
2026-08-21 15:00:00+00:00,-6.302003,-1.782706,0.000472,0.01277,-0.012298
2026-08-21 16:00:00+00:00,-6.308575,-1.789478,0.000472,0.012796,-0.012324
2026-08-21 17:00:00+00:00,-6.314494,-1.795038,0.000472,0.012796,-0.012324
2026-08-21 18:00:00+00:00,-6.320232,-1.800639,0.000472,0.012796,-0.012324
2026-08-21 19:00:00+00:00,-6.326854,-1.807321,0.000472,0.012829,-0.012357
2026-08-21 20:00:00+00:00,-6.334338,-1.814765,0.000472,0.012829,-0.012357
2026-08-21 21:00:00+00:00,-6.342524,-1.822866,0.000472,0.012829,-0.012357
2026-08-21 22:00:00+00:00,-6.350111,-1.830407,0.000472,0.012861,-0.012389
2026-08-21 23:00:00+00:00,-6.359079,-1.839372,0.000472,0.012887,-0.012415
2026-08-22 00:00:00+00:00,-6.366428,-1.846985,0.000472,0.012915,-0.012443
2026-08-22 01:00:00+00:00,-6.372109,-1.852735,0.000472,0.012915,-0.012443
2026-08-22 02:00:00+00:00,-6.378104,-1.858774,0.000472,0.012915,-0.012443
2026-08-22 03:00:00+00:00,-6.385576,-1.866117,0.000472,0.012915,-0.012443
2026-08-22 04:00:00+00:00,-6.393593,-1.87414,0.000472,0.012977,-0.012505
2026-08-22 05:00:00+00:00,-6.401661,-1.882143,0.000472,0.013008,-0.012536
2026-08-22 06:00:00+00:00,-6.409817,-1.890625,0.000472,0.013062,-0.01259
2026-08-22 07:00:00+00:00,-6.418151,-1.898749,0.000472,0.013093,-0.012621
2026-08-22 08:00:00+00:00,-6.426176,-1.906649,0.000472,0.013093,-0.012621
2026-08-22 09:00:00+00:00,-6.435035,-1.91567,0.000472,0.013216,-0.012744
2026-08-22 10:00:00+00:00,-6.442865,-1.923358,0.000472,0.013245,-0.012773
2026-08-22 11:00:00+00:00,-6.450778,-1.931199,0.000472,0.013278,-0.012806
2026-08-22 12:00:00+00:00,-6.459519,-1.939837,0.000472,0.013305,-0.012833
2026-08-22 13:00:00+00:00,-6.466599,-1.946749,0.000472,0.013305,-0.012833
2026-08-22 14:00:00+00:00,-6.472548,-1.952622,0.000472,0.013305,-0.012833
2026-08-22 15:00:00+00:00,-6.47861,-1.958543,0.000472,0.013305,-0.012833
2026-08-22 16:00:00+00:00,-6.484423,-1.964237,0.000472,0.013305,-0.012833
2026-08-22 17:00:00+00:00,-6.491322,-1.971233,0.000472,0.013334,-0.012862
2026-08-22 18:00:00+00:00,-6.498257,-1.978295,0.000472,0.01343,-0.012958
2026-08-22 19:00:00+00:00,-6.506713,-1.986858,0.000472,0.013485,-0.013013
2026-08-22 20:00:00+00:00,-6.515155,-1.995167,0.000472,0.013485,-0.013013
2026-08-22 21:00:00+00:00,-6.523715,-2.003592,0.000472,0.013576,-0.013104
2026-08-22 22:00:00+00:00,-6.529661,-2.009345,0.000472,0.013576,-0.013104
2026-08-22 23:00:00+00:00,-6.53819,-2.017711,0.000472,0.013576,-0.013104
2026-08-23 00:00:00+00:00,-6.545691,-2.025312,0.000472,0.013633,-0.013161
2026-08-23 01:00:00+00:00,-6.551658,-2.031272,0.000472,0.013633,-0.013161
2026-08-23 02:00:00+00:00,-6.558531,-2.038192,0.000472,0.013662,-0.01319
2026-08-23 03:00:00+00:00,-6.564588,-2.044068,0.000472,0.013662,-0.01319
2026-08-23 04:00:00+00:00,-6.570459,-2.049951,0.000472,0.013662,-0.01319
2026-08-23 05:00:00+00:00,-6.576221,-2.055777,0.000472,0.013662,-0.01319
2026-08-23 06:00:00+00:00,-6.582212,-2.061814,0.000472,0.013662,-0.01319
2026-08-23 07:00:00+00:00,-6.58829,-2.068089,0.000472,0.013662,-0.01319
2026-08-23 08:00:00+00:00,-6.593845,-2.073684,0.000472,0.013662,-0.01319
2026-08-23 09:00:00+00:00,-6.59961,-2.079379,0.000472,0.013662,-0.01319
2026-08-23 10:00:00+00:00,-6.60542,-2.085164,0.000472,0.013662,-0.01319
2026-08-23 11:00:00+00:00,-6.612667,-2.092223,0.000472,0.013662,-0.01319
2026-08-23 12:00:00+00:00,-6.619167,-2.098667,0.000472,0.013692,-0.01322
2026-08-23 13:00:00+00:00,-6.628092,-2.107686,0.000472,0.01375,-0.013278
2026-08-23 14:00:00+00:00,-6.634126,-2.113762,0.000472,0.01375,-0.013278
2026-08-23 15:00:00+00:00,-6.639987,-2.119858,0.000472,0.01375,-0.013278
2026-08-23 16:00:00+00:00,-6.646567,-2.126601,0.000472,0.01375,-0.013278
2026-08-23 17:00:00+00:00,-6.654463,-2.134262,0.000472,0.01375,-0.013278
2026-08-23 18:00:00+00:00,-6.662178,-2.142076,0.000472,0.01375,-0.013278
2026-08-23 19:00:00+00:00,-6.668253,-2.14803,0.000472,0.01375,-0.013278
2026-08-23 20:00:00+00:00,-6.674564,-2.154248,0.000472,0.01375,-0.013278
2026-08-23 21:00:00+00:00,-6.68076,-2.160417,0.000472,0.01375,-0.013278
2026-08-23 22:00:00+00:00,-6.687658,-2.167388,0.000472,0.01375,-0.013278
2026-08-23 23:00:00+00:00,-6.695192,-2.174864,0.000472,0.013783,-0.013311
2026-08-24 00:00:00+00:00,-6.702852,-2.182378,0.000472,0.013843,-0.013371
2026-08-24 01:00:00+00:00,-6.708507,-2.188082,0.000472,0.013843,-0.013371
2026-08-24 02:00:00+00:00,-6.714032,-2.1936,0.000472,0.013843,-0.013371
2026-08-24 03:00:00+00:00,-6.719424,-2.199201,0.000472,0.013843,-0.013371
2026-08-24 04:00:00+00:00,-6.725189,-2.204861,0.000472,0.013843,-0.013371
2026-08-24 05:00:00+00:00,-6.732259,-2.211926,0.000472,0.013905,-0.013433
2026-08-24 06:00:00+00:00,-6.740637,-2.22027,0.000472,0.013935,-0.013463
2026-08-24 07:00:00+00:00,-6.749103,-2.228592,0.000472,0.013935,-0.013463
2026-08-24 08:00:00+00:00,-6.756114,-2.235642,0.000472,0.013935,-0.013463
2026-08-24 09:00:00+00:00,-6.76195,-2.241634,0.000472,0.013935,-0.013463
2026-08-24 10:00:00+00:00,-6.767961,-2.247638,0.000472,0.013935,-0.013463
2026-08-24 11:00:00+00:00,-6.774793,-2.254265,0.000472,0.013999,-0.013527
2026-08-24 12:00:00+00:00,-6.782547,-2.262045,0.000472,0.013999,-0.013527
2026-08-24 13:00:00+00:00,-6.791343,-2.27086,0.000472,0.014062,-0.01359
2026-08-24 14:00:00+00:00,-6.798732,-2.277986,0.000472,0.014094,-0.013622
2026-08-24 15:00:00+00:00,-6.805718,-2.284946,0.000472,0.014124,-0.013652
2026-08-24 16:00:00+00:00,-6.813794,-2.293112,0.000472,0.014124,-0.013652
2026-08-24 17:00:00+00:00,-6.819957,-2.299306,0.000472,0.014124,-0.013652
2026-08-24 18:00:00+00:00,-6.826065,-2.305516,0.000472,0.014187,-0.013715
2026-08-24 19:00:00+00:00,-6.833664,-2.313147,0.000472,0.014251,-0.013779
2026-08-24 20:00:00+00:00,-6.842206,-2.321667,0.000472,0.014281,-0.013809
2026-08-24 21:00:00+00:00,-6.850026,-2.329297,0.000472,0.014314,-0.013842
2026-08-24 22:00:00+00:00,-6.857227,-2.336317,0.000472,0.014345,-0.013873
2026-08-24 23:00:00+00:00,-6.862734,-2.341791,0.000472,0.014345,-0.013873
2026-08-25 00:00:00+00:00,-6.869997,-2.34894,0.000472,0.014377,-0.013905
2026-08-25 01:00:00+00:00,-6.878092,-2.356913,0.000472,0.014377,-0.013905
2026-08-25 02:00:00+00:00,-6.886787,-2.365851,0.000472,0.014475,-0.014003
2026-08-25 03:00:00+00:00,-6.893569,-2.372527,0.000472,0.014475,-0.014003
2026-08-25 04:00:00+00:00,-6.900542,-2.379594,0.000472,0.014503,-0.014031
2026-08-25 05:00:00+00:00,-6.906147,-2.38533,0.000472,0.014503,-0.014031
2026-08-25 06:00:00+00:00,-6.912788,-2.39192,0.000472,0.014503,-0.014031
2026-08-25 07:00:00+00:00,-6.918697,-2.397883,0.000472,0.014503,-0.014031
2026-08-25 08:00:00+00:00,-6.924895,-2.403921,0.000472,0.014536,-0.014064
2026-08-25 09:00:00+00:00,-6.93225,-2.411389,0.000472,0.014571,-0.014099
2026-08-25 10:00:00+00:00,-6.938684,-2.417908,0.000472,0.014571,-0.014099
2026-08-25 11:00:00+00:00,-6.946587,-2.425772,0.000472,0.014636,-0.014164
2026-08-25 12:00:00+00:00,-6.952673,-2.431774,0.000472,0.014636,-0.014164
2026-08-25 13:00:00+00:00,-6.958868,-2.437788,0.000472,0.014636,-0.014164
2026-08-25 14:00:00+00:00,-6.965893,-2.444973,0.000472,0.014728,-0.014256
2026-08-25 15:00:00+00:00,-6.974573,-2.453553,0.000472,0.014786,-0.014314
2026-08-25 16:00:00+00:00,-6.982359,-2.461213,0.000472,0.014849,-0.014377
2026-08-25 17:00:00+00:00,-6.990559,-2.46938,0.000472,0.014881,-0.014409
2026-08-25 18:00:00+00:00,-6.997539,-2.47625,0.000472,0.014938,-0.014466
2026-08-25 19:00:00+00:00,-7.005307,-2.483874,0.000472,0.014967,-0.014495
2026-08-25 20:00:00+00:00,-7.01244,-2.49103,0.000472,0.014967,-0.014495
2026-08-25 21:00:00+00:00,-7.020318,-2.498709,0.000472,0.015026,-0.014554
2026-08-25 22:00:00+00:00,-7.028799,-2.507127,0.000472,0.01509,-0.014618
2026-08-25 23:00:00+00:00,-7.037451,-2.515732,0.000472,0.01509,-0.014618
2026-08-26 00:00:00+00:00,-7.045751,-2.524052,0.000472,0.015119,-0.014647
2026-08-26 01:00:00+00:00,-7.054128,-2.532547,0.000472,0.015274,-0.014802
2026-08-26 02:00:00+00:00,-7.062663,-2.540949,0.000472,0.01534,-0.014868
2026-08-26 03:00:00+00:00,-7.070795,-2.548912,0.000472,0.015427,-0.014955
2026-08-26 04:00:00+00:00,-7.079167,-2.557161,0.000472,0.015427,-0.014955
2026-08-26 05:00:00+00:00,-7.087632,-2.565641,0.000472,0.015459,-0.014987
2026-08-26 06:00:00+00:00,-7.095739,-2.573655,0.000472,0.015516,-0.015044
2026-08-26 07:00:00+00:00,-7.104224,-2.582231,0.000472,0.015607,-0.015135
2026-08-26 08:00:00+00:00,-7.112429,-2.590422,0.000472,0.015701,-0.015229
2026-08-26 09:00:00+00:00,-7.120503,-2.59829,0.000472,0.015764,-0.015292
2026-08-26 10:00:00+00:00,-7.128731,-2.606545,0.000472,0.015858,-0.015386
2026-08-26 11:00:00+00:00,-7.13695,-2.614757,0.000472,0.015917,-0.015445
2026-08-26 12:00:00+00:00,-7.143603,-2.621464,0.000472,0.015917,-0.015445
2026-08-26 13:00:00+00:00,-7.15071,-2.628592,0.000472,0.016004,-0.015532
2026-08-26 14:00:00+00:00,-7.157893,-2.635842,0.000472,0.016034,-0.015562
2026-08-26 15:00:00+00:00,-7.164685,-2.642663,0.000472,0.016065,-0.015593
2026-08-26 16:00:00+00:00,-7.171982,-2.649749,0.000472,0.016065,-0.015593
2026-08-26 17:00:00+00:00,-7.177754,-2.655619,0.000472,0.016065,-0.015593
2026-08-26 18:00:00+00:00,-7.184322,-2.662037,0.000528,0.016096,-0.015569
2026-08-26 19:00:00+00:00,-7.191129,-2.668862,0.000528,0.016096,-0.015569
