time_utc,v_mean,v_min,v_max,v_sd_mV,i_mean_A,i_min_A,i_max_A,p_mean_W,p_min_W,p_max_W,ah_net,wh_net,coverage_s,pack_F,die_F,n_current,i_timemean_mA
2026-07-14 00:00:00+00:00,13.386813,12.579688,13.476758,254.318872,0.06275,-1.163101,2.815628,6.526172,-0.141602,37.779541,0.041338,0.537566,2682.143,75.376351,78.777576,1100,55.483788
2026-07-15 00:00:00+00:00,13.345153,12.567774,13.466797,84.283714,-1.481031,-3.144455,1.054764,-38.626022,-41.820068,14.200439,-12.6743,-166.313709,30980.598,68.828191,74.468249,15048,-1472.775907
2026-07-16 00:00:00+00:00,13.460934,12.833984,14.58418,351.622394,0.705272,-130.10788,79.296494,12.136861,-1665.427246,1113.033447,17.304979,292.153918,86399.905,69.592281,75.819356,42492,721.041587
2026-07-17 00:00:00+00:00,13.799195,13.645312,13.917969,60.253452,-0.007501,-0.061035,0.054932,-0.311066,-2.224121,2.177734,-0.178743,-7.392948,85640.208,71.268805,75.100079,42152,-7.513692
2026-07-18 00:00:00+00:00,13.657904,13.609179,13.711329,29.174973,-0.00924,-0.056076,0.03624,-0.126265,-0.766227,0.493446,-0.222226,-3.035388,86399.928,68.597051,74.780545,42449,-9.25942
2026-07-19 00:00:00+00:00,13.569641,13.532813,13.609375,22.048934,-0.008488,-0.047302,0.029755,-0.11522,-0.642839,0.403088,-0.204164,-2.770688,86398.598,68.610588,74.758768,42498,-8.506991
2026-07-20 00:00:00+00:00,13.501766,13.472852,13.533008,17.320734,-0.007557,-0.048828,0.039291,-0.102079,-0.65834,0.529628,-0.181512,-2.451398,86384.402,68.831721,74.622823,42499,-7.564347
2026-07-21 00:00:00+00:00,13.448196,13.425,13.472852,13.811821,-0.006849,-0.049973,0.037003,-0.092134,-0.671369,0.497829,-0.164236,-2.20831,86199.284,68.622598,74.558202,42496,-6.859083
2026-07-22 00:00:00+00:00,13.405535,13.3875,13.425196,10.751417,-0.00634,-0.047684,0.049591,-0.084999,-0.640098,0.664317,-0.151975,-2.03604,86251.778,68.769257,74.674405,42533,-6.343178
2026-07-23 00:00:00+00:00,13.373053,13.359571,13.387695,8.145682,-0.006212,-0.046921,0.035095,-0.083066,-0.626851,0.469357,-0.148893,-1.990938,86368.228,68.668208,74.525985,42619,-6.206163
2026-07-24 00:00:00+00:00,13.349078,13.339844,13.359766,5.653809,-0.006423,-0.051498,0.033951,-0.085723,-0.687162,0.453276,-0.153947,-2.055407,86346.842,68.720668,74.557209,42594,-6.418406
2026-07-25 00:00:00+00:00,13.333208,13.327539,13.340039,3.656647,-0.006381,-0.05455,0.03624,-0.085079,-0.727115,0.483275,-0.153185,-2.04123,86385.03,68.637272,74.498561,42622,-6.383816
2026-07-26 00:00:00+00:00,13.323844,13.320899,13.327735,1.905343,-0.006293,-0.057602,0.037384,-0.083852,-0.767613,0.498186,-0.151115,-2.013314,86399.141,68.68213,74.461449,42628,-6.296505
2026-07-27 00:00:00+00:00,13.31923,13.317774,13.321094,0.894681,-0.006158,-0.052643,0.03624,-0.082066,-0.701096,0.482688,-0.147933,-1.970201,86401.407,68.521402,74.38201,42611,-6.163765
2026-07-28 00:00:00+00:00,13.316861,13.315821,13.317969,0.529074,-0.006023,-0.047302,0.033951,-0.080181,-0.629924,0.452089,-0.14425,-1.921055,86302.672,68.434871,74.294936,42559,-6.017179
2026-07-29 00:00:00+00:00,13.315332,13.314649,13.316211,0.376213,-0.006212,-0.049591,0.032425,-0.082748,-0.660307,0.431739,-0.148965,-1.983724,86400.344,68.679545,74.604105,42661,-6.206865
2026-07-30 00:00:00+00:00,13.314301,13.313672,13.314844,0.331448,-0.006515,-0.048447,0.03891,-0.086744,-0.645012,0.518072,-0.156325,-2.08084,86319.616,69.630089,75.375595,42555,-6.519601
2026-07-31 00:00:00+00:00,13.313175,13.3125,13.313868,0.323198,-0.006154,-0.050735,0.034332,-0.081913,-0.675436,0.457075,-0.147205,-1.959844,86203.942,69.496066,75.253866,42544,-6.147478
2026-08-01 00:00:00+00:00,13.312132,13.311523,13.312891,0.308845,-0.005784,-0.053787,0.037384,-0.076977,-0.716043,0.49766,-0.138732,-1.84693,86384.605,68.661607,74.481831,42664,-5.781518
2026-08-02 00:00:00+00:00,13.311274,13.310742,13.311719,0.257733,-0.005614,-0.047684,0.033188,-0.074733,-0.634743,0.441762,-0.134783,-1.794078,86398.904,68.348892,74.189268,42644,-5.616047
2026-08-03 00:00:00+00:00,13.310494,13.309961,13.310938,0.24998,-0.005602,-0.054932,0.044632,-0.074601,-0.731159,0.594093,-0.134357,-1.788506,86367.928,68.453713,74.337485,42627,-5.600308
2026-08-04 00:00:00+00:00,13.309793,13.309375,13.310351,0.242947,-0.006106,-0.06485,0.042343,-0.081333,-0.863124,0.563561,-0.146546,-1.950558,86328.195,68.832179,74.951471,42542,-6.11116
2026-08-05 00:00:00+00:00,13.309027,13.308594,13.30957,0.201458,-0.00892,-0.072098,0.047684,-0.118764,-0.959534,0.634622,-0.214184,-2.851508,86326.725,69.085069,75.280646,42212,-8.931917
2026-08-06 00:00:00+00:00,13.308413,13.308008,13.308985,0.222776,-0.008757,-0.066757,0.049973,-0.116603,-0.888444,0.665054,-0.209918,-2.793614,86180.549,68.826161,75.056109,42218,-8.768872
2026-08-07 00:00:00+00:00,13.307875,13.307422,13.308204,0.18656,-0.008173,-0.070572,0.044632,-0.108833,-0.939144,0.593971,-0.196401,-2.614164,86326.703,68.884722,75.056122,42370,-8.190305
2026-08-08 00:00:00+00:00,13.307286,13.306836,13.307813,0.188038,-0.008588,-0.062561,0.057602,-0.114363,-0.832514,0.766533,-0.206481,-2.74742,86349.207,69.193149,75.379891,42208,-8.608455
2026-08-09 00:00:00+00:00,13.306876,13.306445,13.307227,0.16813,-0.008914,-0.065231,0.039673,-0.118663,-0.868035,0.52792,-0.214314,-2.851903,86398.643,69.975517,76.105271,42221,-8.9299
2026-08-10 00:00:00+00:00,13.306406,13.306055,13.306836,0.189759,-0.008853,-0.065994,0.057983,-0.117856,-0.878162,0.771564,-0.212891,-2.833142,86400.618,70.393733,76.52089,42269,-8.870389
2026-08-11 00:00:00+00:00,13.305925,13.305469,13.306251,0.167527,-0.0088,-0.060272,0.047302,-0.117177,-0.801985,0.629406,-0.21169,-2.817124,86400.111,70.378766,76.534685,42174,-8.820416
2026-08-12 00:00:00+00:00,13.305479,13.305079,13.30586,0.156684,-0.008861,-0.059128,0.047302,-0.117968,-0.786712,0.629388,-0.213001,-2.833396,86330.985,70.399764,76.555527,42136,-8.882136
2026-08-13 00:00:00+00:00,13.305078,13.304688,13.305469,0.151552,-0.008953,-0.06752,0.046539,-0.119165,-0.898361,0.6192,-0.21523,-2.863633,86384.987,70.501871,76.625459,42219,-8.969477
2026-08-14 00:00:00+00:00,13.304691,13.304297,13.305079,0.145584,-0.008867,-0.070572,0.052261,-0.118048,-0.938951,0.695321,-0.213342,-2.838384,86400.008,70.523786,76.639193,42106,-8.889228
2026-08-15 00:00:00+00:00,13.304303,13.303906,13.304688,0.156718,-0.008825,-0.06218,0.055313,-0.117481,-0.827255,0.735902,-0.212144,-2.822612,86376.427,70.387537,76.50808,42198,-8.841752
2026-08-16 00:00:00+00:00,13.303843,13.303515,13.304297,0.184225,-0.008698,-0.057602,0.051117,-0.115764,-0.766331,0.680055,-0.209224,-2.782791,86400.359,70.069928,76.194567,42219,-8.717645
2026-08-17 00:00:00+00:00,13.303499,13.303125,13.303711,0.156946,-0.00888,-0.074005,0.052261,-0.118189,-0.984528,0.69525,-0.213476,-2.840084,86399.786,69.875855,75.985687,42267,-8.894851
2026-08-18 00:00:00+00:00,13.30306,13.302734,13.303515,0.166388,-0.008631,-0.054932,0.052643,-0.114916,-0.730752,0.700314,-0.207641,-2.762418,86399.94,69.565595,75.673669,42205,-8.651708
2026-08-19 00:00:00+00:00,13.302689,13.302344,13.303125,0.140552,-0.00754,-0.066376,0.053406,-0.100346,-0.882979,0.710443,-0.18103,-2.409083,86312.086,69.127206,75.246544,42478,-7.550605
2026-08-20 00:00:00+00:00,13.302336,13.301953,13.302734,0.138458,-0.007873,-0.073624,0.053787,-0.1048,-0.979367,0.715496,-0.189275,-2.517849,86378.939,69.175192,75.344886,42441,-7.888385
2026-08-21 00:00:00+00:00,13.302081,13.301758,13.302344,0.130329,-0.007579,-0.062943,0.048065,-0.100915,-0.837271,0.639361,-0.182055,-2.421593,86311.084,69.165435,75.278154,42425,-7.593456
2026-08-22 00:00:00+00:00,13.30171,13.301368,13.302149,0.141302,-0.007417,-0.060272,0.047302,-0.098752,-0.801726,0.629212,-0.178339,-2.372023,86335.545,68.97791,75.041768,42447,-7.436349
2026-08-23 00:00:00+00:00,13.301519,13.301172,13.301758,0.158783,-0.006533,-0.056458,0.04158,-0.086946,-0.750973,0.553074,-0.157152,-2.090153,86401.322,68.927896,74.849214,42516,-6.547908
2026-08-24 00:00:00+00:00,13.301128,13.300781,13.301562,0.169549,-0.006951,-0.069427,0.048065,-0.0925,-0.923453,0.639323,-0.166927,-2.221251,86343.717,68.801268,74.792922,42448,-6.959824
2026-08-25 00:00:00+00:00,13.300853,13.300586,13.301172,0.120408,-0.007241,-0.062943,0.049591,-0.096352,-0.837184,0.65961,-0.173942,-2.314054,86328.564,68.786533,74.771554,42467,-7.25357
2026-08-26 00:00:00+00:00,13.300542,13.300196,13.300781,0.130787,-0.007642,-0.067902,0.052261,-0.10177,-0.903131,0.695096,-0.15313,-2.037519,71962.197,68.690107,74.75369,35329,-7.660518
