time_utc,shelly_V,ina228_ma60s,current_A,dvdt_mV_per_min,delta_mV
2026-07-14 23:38:17.438000+00:00,13.42,12.87002,0.011063,,549.98031
2026-07-14 23:38:26.137000+00:00,13.41,12.95953,0.009918,,450.469926
2026-07-14 23:40:25.523000+00:00,13.44,13.476543,0.008392,,-36.54295
2026-07-14 23:41:25.522000+00:00,13.45,13.476451,0.008774,,-26.450784
2026-07-14 23:42:25.523000+00:00,13.46,13.476289,0.009918,,-16.289177
2026-07-14 23:57:30.523000+00:00,13.45,13.474429,0.00267,-2.285194,-24.429131
2026-07-15 00:01:30.523000+00:00,13.44,13.464649,1.047134,-5.800819,-24.648614
2026-07-15 00:06:35.449000+00:00,13.43,13.454286,1.047897,-5.917931,-24.286204
2026-07-15 00:08:35.523000+00:00,13.42,13.453786,0.007629,-5.917931,-33.786263
2026-07-15 00:09:35.523000+00:00,13.43,13.454777,0.005722,-5.585957,-24.776504
2026-07-15 15:54:43.523000+00:00,13.38,13.415137,-0.000763,-3.945351,-35.136814
2026-07-15 15:55:43.524000+00:00,13.39,13.415123,0.000381,-3.828049,-25.12285
2026-07-15 16:04:43.524000+00:00,13.38,13.414844,0.000763,83.535194,-34.843559
2026-07-15 16:05:43.522000+00:00,13.39,13.414909,-0.013351,83.535194,-24.908727
2026-07-15 16:06:11.429000+00:00,13.38,13.414922,-0.011826,0.01955,-34.921761
2026-07-15 16:07:10.524000+00:00,13.39,13.414941,-0.011826,-0.292969,-24.941311
2026-07-15 16:10:10.524000+00:00,13.38,13.414805,-0.008392,-0.058651,-34.80484
2026-07-15 16:11:10.524000+00:00,13.39,13.414754,-0.009537,-0.058556,-24.753767
2026-07-15 16:12:10.524000+00:00,13.38,13.414739,-0.006866,-0.097656,-34.738802
2026-07-15 16:13:10.523000+00:00,13.39,13.414698,-0.012207,-0.097656,-24.697528
2026-07-15 16:15:10.523000+00:00,13.38,13.414551,-0.018692,-0.117207,-34.551258
2026-07-15 16:17:10.523000+00:00,13.39,13.414551,-0.003815,-0.156212,-24.551258
2026-07-15 16:19:10.523000+00:00,13.38,13.414356,-0.004196,-0.156212,-34.355755
2026-07-15 16:20:10.523000+00:00,13.39,13.414356,-0.007248,-0.117111,-24.355755
2026-07-15 16:21:10.523000+00:00,13.38,13.414348,-0.006485,-0.117111,-34.348235
2026-07-15 16:22:35.524000+00:00,13.39,13.414225,-0.01297,-0.156212,-24.225419
2026-07-15 16:23:35.524000+00:00,13.38,13.41416,-0.014114,-0.156212,-34.160252
2026-07-15 16:27:04.523000+00:00,13.39,13.414153,-0.018692,-0.156307,-24.152732
2026-07-15 16:28:04.525000+00:00,13.38,13.414023,-0.013733,-0.195312,-34.023399
2026-07-15 16:33:04.524000+00:00,13.39,13.41377,-0.004578,-0.156307,-23.769722
2026-07-15 16:35:04.523000+00:00,13.38,13.413575,-0.005722,-0.156307,-33.574696
2026-07-15 16:37:04.523000+00:00,13.39,13.413567,-0.011063,-0.175762,-23.567176
2026-07-15 16:38:04.524000+00:00,13.38,13.413526,-0.008011,-0.175762,-33.52582
2026-07-15 16:41:08.525000+00:00,13.39,13.413379,-0.009537,-0.136662,-23.379192
2026-07-15 16:44:08.523000+00:00,13.38,13.413184,-0.0103,-0.175762,-33.183689
2026-07-15 16:51:08.524000+00:00,13.39,13.412988,0.000381,-0.156307,-22.988186
2026-07-15 16:52:08.523000+00:00,13.38,13.412988,-0.008392,-0.156307,-32.988186
2026-07-15 16:53:13.172000+00:00,13.39,13.412852,0.000763,-0.156212,-22.851715
2026-07-15 16:54:58.524000+00:00,13.38,13.412793,-0.004959,-0.117207,-32.793159
2026-07-15 16:56:58.524000+00:00,13.39,13.412784,-0.007248,-0.156307,-22.784316
2026-07-15 16:59:58.523000+00:00,13.38,13.412598,0.003815,-0.156307,-32.598133
2026-07-15 17:01:15.524000+00:00,13.39,13.412592,-0.008774,-0.156212,-22.592383
2026-07-15 17:03:15.524000+00:00,13.38,13.4125,-0.008011,-0.117207,-32.500381
2026-07-15 17:07:15.523000+00:00,13.39,13.412412,0.00267,-0.136662,-22.411516
2026-07-15 17:08:15.524000+00:00,13.38,13.412403,-0.006104,-0.136662,-32.40263
2026-07-15 17:14:15.523000+00:00,13.38,13.411979,0.001144,-0.136757,-31.97904
2026-07-15 17:22:59.524000+00:00,13.37,13.411784,-0.019073,-0.156307,-41.784093
2026-07-15 17:23:59.523000+00:00,13.38,13.411654,-0.007629,-0.117207,-31.654048
2026-07-15 17:24:59.523000+00:00,13.37,13.411622,-0.004578,-0.117207,-41.621571
2026-07-15 17:26:59.523000+00:00,13.38,13.411563,-0.003433,-0.136757,-31.56292
2026-07-15 17:30:59.524000+00:00,13.39,13.411426,-0.003815,-0.136662,-21.426067
2026-07-15 17:31:59.524000+00:00,13.38,13.411426,-0.008392,-0.136662,-31.426067
2026-07-15 17:32:09.403000+00:00,13.39,13.411426,-0.008774,-0.136662,-21.426067
2026-07-15 17:34:18.524000+00:00,13.38,13.411231,-0.009537,-0.136662,-31.230564
2026-07-15 17:40:18.524000+00:00,13.37,13.411035,-0.008011,-0.156212,-41.035061
2026-07-15 17:41:18.523000+00:00,13.38,13.411041,0.001526,-0.156307,-31.040811
2026-07-15 17:50:18.524000+00:00,13.37,13.410653,-0.00267,-0.136757,-40.652527
2026-07-15 17:51:18.523000+00:00,13.38,13.410645,-0.000763,-0.136757,-30.645008
2026-07-15 17:54:39.523000+00:00,13.39,13.410441,-0.014877,-0.136662,-20.440618
2026-07-15 17:55:39.524000+00:00,13.38,13.41045,-0.002289,-0.136662,-30.449505
2026-07-15 17:57:39.524000+00:00,13.39,13.410254,-0.001907,-0.136662,-20.254002
2026-07-15 17:58:39.523000+00:00,13.38,13.410221,-0.001144,-0.175762,-30.221418
2026-07-15 18:01:39.524000+00:00,13.39,13.410263,-0.006866,-0.117207,-20.262888
2026-07-15 18:04:39.523000+00:00,13.38,13.410058,-0.006866,-0.195312,-30.058498
2026-07-15 18:06:09.612000+00:00,13.39,13.410014,-0.007248,-0.195312,-20.014153
2026-07-15 18:10:19.523000+00:00,13.38,13.409863,-0.017929,-0.195312,-29.863472
2026-07-15 18:13:19.523000+00:00,13.39,13.409668,-0.008011,-0.195312,-19.668446
2026-07-15 18:15:19.524000+00:00,13.38,13.409663,-0.011444,-0.156212,-29.663301
2026-07-15 18:16:19.524000+00:00,13.39,13.409668,-0.008011,-0.156212,-19.668446
2026-07-15 18:19:19.524000+00:00,13.38,13.409473,-0.004959,-0.156212,-29.472942
2026-07-15 18:20:13.824000+00:00,13.39,13.409473,-0.011444,-0.156212,-19.472942
2026-07-15 18:22:23.523000+00:00,13.37,13.408079,-0.007248,-0.156212,-38.078974
2026-07-15 18:24:00.523000+00:00,13.39,13.408887,-0.008392,-0.156212,-18.886909
2026-07-15 18:26:00.523000+00:00,13.38,13.408887,-0.011063,-0.156212,-28.886909
2026-07-15 18:32:00.523000+00:00,13.39,13.408699,-0.007248,-0.156307,-18.699402
2026-07-15 18:32:17.409000+00:00,13.38,13.408685,-0.006866,-0.156212,-28.685366
2026-07-15 18:33:16.524000+00:00,13.39,13.408594,-0.0103,-0.156307,-18.594131
2026-07-15 18:34:16.523000+00:00,13.38,13.408545,-0.003433,-0.156212,-28.545256
2026-07-15 18:45:16.523000+00:00,13.39,13.408008,0.008392,-0.117207,-18.007622
2026-07-15 18:49:17.523000+00:00,13.38,13.408105,-0.018311,-0.156307,-28.105373
2026-07-15 18:57:24.524000+00:00,13.39,13.40771,-0.003815,-0.156212,-17.710176
2026-07-15 19:00:24.523000+00:00,13.38,13.407509,-0.006104,-0.156212,-27.508956
2026-07-15 19:07:06.524000+00:00,13.39,13.407324,-0.009918,-0.136662,-17.324314
2026-07-15 19:08:06.525000+00:00,13.38,13.407324,-0.008392,-0.136757,-27.324314
2026-07-15 19:11:06.523000+00:00,13.39,13.407031,0.006104,-0.136757,-17.031059
2026-07-15 19:13:06.524000+00:00,13.38,13.407129,-0.01297,-0.136757,-27.128811
2026-07-15 19:17:06.524000+00:00,13.37,13.406926,-0.007248,-0.156307,-36.926302
2026-07-15 19:18:06.523000+00:00,13.38,13.406927,0.0,-0.156307,-26.927299
2026-07-15 19:22:10.524000+00:00,13.39,13.406739,-0.004578,-0.156212,-16.738758
2026-07-15 19:23:54.523000+00:00,13.38,13.406739,-0.017166,-0.156307,-26.738758
2026-07-15 19:31:54.524000+00:00,13.37,13.406348,-0.012589,-0.117111,-36.347752
2026-07-15 19:32:54.524000+00:00,13.38,13.406334,-0.025558,-0.156212,-26.333787
2026-07-15 19:33:15.155000+00:00,13.39,13.406334,0.014877,-0.156212,-16.333787
2026-07-15 19:35:14.523000+00:00,13.38,13.406289,0.009918,-0.156212,-26.289101
2026-07-15 19:52:18.523000+00:00,13.37,13.405553,-0.009537,-3.378868,-35.552728
2026-07-15 19:54:18.523000+00:00,13.38,13.405578,-0.003433,-3.847599,-25.577554
2026-07-15 19:55:08.843000+00:00,13.37,13.403349,-1.053619,-3.945255,-33.348514
2026-07-15 19:56:08.523000+00:00,13.36,13.398076,-3.068542,-4.394531,-38.076391
2026-07-15 19:58:08.523000+00:00,13.35,13.385802,-3.024673,-5.195332,-35.801813
2026-07-15 20:00:08.525000+00:00,13.34,13.377344,-3.015518,-5.996132,-37.34395
2026-07-15 20:02:08.523000+00:00,13.33,13.369624,-3.013611,-6.757832,-39.623937
2026-07-15 20:07:47.567000+00:00,13.32,13.350781,-3.042984,-5.722618,-30.781441
2026-07-15 20:09:47.523000+00:00,13.31,13.344883,-3.061676,-5.664062,-34.883029
2026-07-15 20:13:47.525000+00:00,13.3,13.334299,-3.077316,-5.429649,-34.299246
2026-07-15 20:15:47.524000+00:00,13.29,13.32944,-3.096771,-5.351639,-39.440308
2026-07-15 20:19:50.402000+00:00,13.28,13.319906,-3.128052,-5.097675,-39.905837
2026-07-15 20:32:13.522000+00:00,13.27,13.298028,-3.121567,-4.062462,-28.027611
2026-07-15 20:33:13.524000+00:00,13.28,13.296289,-3.129959,-4.003906,-16.289271
2026-07-15 20:35:13.524000+00:00,13.27,13.293729,-3.123474,-3.847694,-23.728511
2026-07-15 20:38:05.523000+00:00,13.28,13.290186,-3.119659,-3.574181,-10.185809
2026-07-15 20:41:05.523000+00:00,13.27,13.287023,-3.116226,-3.242207,-17.022803
2026-07-15 20:44:05.523000+00:00,13.26,13.283854,-3.103638,-3.027344,-23.854485
2026-07-15 20:45:05.523000+00:00,13.27,13.283098,-3.123474,-2.871132,-13.098074
2026-07-15 20:46:17.935000+00:00,13.26,13.282115,-3.108597,-2.75383,-22.115119
2026-07-15 20:48:17.523000+00:00,13.27,13.280518,-3.104019,-2.500057,-10.517817
2026-07-15 20:50:17.523000+00:00,13.26,13.278926,-3.119278,-2.265549,-18.925991
2026-07-15 20:55:13.524000+00:00,13.25,13.275684,-3.105545,-1.91412,-25.68388
2026-07-15 20:59:13.524000+00:00,13.26,13.273672,-3.115082,-1.640606,-13.672104
2026-07-15 21:01:13.522000+00:00,13.25,13.272808,-3.104782,-1.484394,-22.808499
2026-07-15 21:05:06.524000+00:00,13.26,13.271378,-3.091049,-1.171875,-11.377824
2026-07-15 21:07:06.525000+00:00,13.25,13.270736,-3.099823,-1.015663,-20.7359
2026-07-15 21:20:16.523000+00:00,13.26,13.268106,-3.10173,-0.42963,-8.105888
2026-07-15 21:21:16.522000+00:00,13.25,13.267891,-3.10936,-0.390625,-17.89093
2026-07-15 21:25:25.523000+00:00,13.23,13.267578,-3.084564,-0.273418,-37.578125
2026-07-15 21:26:25.523000+00:00,13.25,13.26748,-3.09639,-0.234318,-17.480373
2026-07-15 21:28:05.523000+00:00,13.24,13.267383,-3.092575,-0.195312,-27.38294
2026-07-15 21:31:05.522000+00:00,13.23,13.267285,-3.099442,-0.156212,-37.285347
2026-07-15 21:38:05.523000+00:00,13.25,13.26709,-3.102875,-0.078106,-17.090321
2026-07-15 21:39:05.522000+00:00,13.24,13.26709,-3.089523,-0.039101,-27.090321
2026-07-15 21:40:05.523000+00:00,13.25,13.26709,-3.098297,0.0,-17.090321
2026-07-15 21:41:00.293000+00:00,13.24,13.267081,-3.09639,-0.039101,-27.081434
2026-07-15 21:41:10.296000+00:00,13.25,13.267101,-3.107071,0.0,-17.101182
2026-07-15 21:44:09.524000+00:00,13.24,13.26709,-3.095627,0.039005,-27.090321
2026-07-15 21:47:09.523000+00:00,13.24,13.267318,-3.095245,0.039101,-27.317772
2026-07-15 21:48:09.523000+00:00,13.25,13.267285,-3.093338,0.039005,-17.285347
2026-07-15 21:49:09.523000+00:00,13.23,13.267285,-3.091049,0.039005,-37.285347
2026-07-15 21:50:09.523000+00:00,13.25,13.267277,-3.100586,0.078106,-17.276504
2026-07-15 21:51:09.525000+00:00,13.24,13.267294,-3.096008,0.078106,-27.29419
2026-07-15 21:52:09.523000+00:00,13.25,13.26728,-3.102875,0.078106,-17.279625
2026-07-15 21:54:09.523000+00:00,13.24,13.267334,-3.104401,0.117207,-27.334104
2026-07-15 21:55:14.502000+00:00,13.25,13.267461,-3.102493,0.117207,-17.460823
2026-07-15 21:56:30.523000+00:00,13.24,13.267488,-3.103256,0.078106,-27.487893
2026-07-15 21:58:30.524000+00:00,13.25,13.267473,-3.100586,0.117207,-17.472854
2026-07-15 22:13:21.523000+00:00,13.24,13.268132,-3.10173,0.175858,-28.131892
2026-07-15 22:14:21.524000+00:00,13.25,13.268164,-3.110886,0.136757,-18.164317
2026-07-15 22:19:06.523000+00:00,13.24,13.268471,-3.101349,0.136757,-28.4709
2026-07-15 22:19:48.486000+00:00,13.25,13.268463,-3.102112,0.175762,-18.463453
2026-07-15 22:20:48.524000+00:00,13.24,13.268471,-3.10936,0.175762,-28.4709
2026-07-15 22:22:48.523000+00:00,13.25,13.268666,-3.108978,0.136662,-18.666404
2026-07-15 22:28:16.523000+00:00,13.24,13.268841,-3.097916,0.175762,-28.841426
2026-07-15 22:29:16.523000+00:00,13.25,13.268946,-3.092194,0.175762,-18.945694
2026-07-15 22:31:16.523000+00:00,13.24,13.269043,-3.108978,0.175762,-29.043446
2026-07-15 22:32:16.523000+00:00,13.25,13.269054,-3.094864,0.175762,-19.054307
2026-07-15 22:45:05.524000+00:00,13.24,13.269636,-3.104782,0.117207,-29.635518
2026-07-15 22:46:05.524000+00:00,13.25,13.269678,-3.112793,0.156212,-19.677877
2026-07-15 22:47:05.524000+00:00,13.24,13.269688,-3.102875,0.156212,-29.687653
2026-07-15 22:47:17.310000+00:00,13.25,13.269694,-3.091431,0.117207,-19.694169
2026-07-15 22:51:16.524000+00:00,13.24,13.269883,-3.104782,0.117207,-29.883156
2026-07-15 22:54:16.523000+00:00,13.25,13.270028,-3.105164,0.117207,-20.027527
2026-07-15 22:56:46.523000+00:00,13.25,13.270234,-3.115082,0.117207,-20.234489
2026-07-15 22:57:46.523000+00:00,13.24,13.270215,-3.126526,0.156307,-30.215034
2026-07-15 22:58:46.524000+00:00,13.25,13.270215,-3.125381,0.117207,-20.215034
2026-07-15 22:59:46.524000+00:00,13.24,13.270226,-3.119659,0.117207,-30.225843
2026-07-15 23:01:46.524000+00:00,13.25,13.270215,-3.113556,0.117207,-20.215034
2026-07-15 23:04:46.523000+00:00,13.24,13.27028,-3.120804,0.117207,-30.280043
2026-07-15 23:06:05.523000+00:00,13.25,13.270418,-3.116226,0.117207,-20.41758
2026-07-15 23:07:05.522000+00:00,13.24,13.27041,-3.120422,0.156212,-30.410061
2026-07-15 23:08:05.523000+00:00,13.25,13.270377,-3.119278,0.117207,-20.377477
2026-07-15 23:09:05.523000+00:00,13.24,13.27054,-3.121948,0.117111,-30.540396
2026-07-15 23:10:05.524000+00:00,13.25,13.270638,-3.122711,0.117207,-20.638148
2026-07-15 23:19:10.542000+00:00,13.24,13.270808,-3.120422,0.117111,-30.807584
2026-07-15 23:20:10.524000+00:00,13.25,13.27086,-3.118896,0.117207,-20.859718
2026-07-15 23:26:19.523000+00:00,13.24,13.271094,-3.123093,0.117207,-31.094084
2026-07-15 23:27:19.524000+00:00,13.25,13.271114,-3.108215,0.117207,-21.113586
2026-07-15 23:31:19.524000+00:00,13.26,13.271192,-3.119659,0.117207,-11.191597
2026-07-15 23:33:14.742000+00:00,13.25,13.271484,-3.119278,0.117207,-21.484375
2026-07-15 23:34:14.523000+00:00,13.24,13.271397,-3.115082,0.117207,-31.397485
2026-07-15 23:35:14.524000+00:00,13.25,13.271379,-3.117371,0.117207,-21.379104
2026-07-15 23:51:14.524000+00:00,13.24,13.271778,-3.118515,-1.015568,-31.77763
2026-07-15 23:53:04.523000+00:00,13.25,13.272006,-3.118134,-1.093674,-22.005717
2026-07-15 23:58:58.523000+00:00,13.24,13.271941,-3.116608,-1.445293,-31.940549
2026-07-15 23:59:58.523000+00:00,13.25,13.271973,-3.120041,-1.484394,-21.973133
2026-07-16 00:02:58.524000+00:00,13.26,13.272103,-3.255463,-1.601601,-12.103151
2026-07-16 00:03:58.523000+00:00,13.25,13.266494,-5.5439,-1.640606,-16.494322
2026-07-16 00:08:08.524000+00:00,13.24,13.259929,-5.543518,-1.757812,-19.928544
2026-07-16 00:11:08.523000+00:00,13.23,13.25805,-5.544281,-1.796913,-28.049897
2026-07-16 00:14:08.524000+00:00,13.24,13.25666,-5.541611,-1.796913,-16.660271
2026-07-16 00:15:08.524000+00:00,13.23,13.256299,-5.515671,-1.796913,-26.299257
2026-07-16 00:16:08.523000+00:00,13.24,13.256022,-5.537033,-1.718807,-16.022294
2026-07-16 00:19:08.523000+00:00,13.23,13.255274,-5.529404,-1.015663,-25.273819
2026-07-16 00:21:12.523000+00:00,13.22,13.254901,-5.526352,-0.859451,-34.900586
2026-07-16 00:22:12.523000+00:00,13.23,13.254778,-5.516815,-0.742245,-24.777542
2026-07-16 00:29:40.523000+00:00,13.22,13.254004,-5.503464,-0.351524,-34.004002
2026-07-16 00:30:40.523000+00:00,13.23,13.254004,-5.529404,-0.273418,-24.004002
2026-07-16 00:31:40.523000+00:00,13.22,13.254004,-5.529785,-0.195312,-34.004002
2026-07-16 00:34:17.012000+00:00,13.23,13.253906,-5.5233,-0.156212,-23.90625
2026-07-16 00:36:16.523000+00:00,13.22,13.253817,-5.516434,-0.117207,-33.817385
2026-07-16 00:40:16.523000+00:00,13.23,13.25385,-5.511475,-0.039005,-23.850392
2026-07-16 00:41:16.523000+00:00,13.22,13.253962,-5.513382,0.0,-33.962108
2026-07-16 00:43:16.523000+00:00,13.22,13.254102,-5.509186,0.0,-34.101753
2026-07-16 00:44:16.524000+00:00,13.23,13.253981,-5.502319,0.0,-23.981444
2026-07-16 00:48:11.239000+00:00,13.24,13.254015,-5.529404,0.078106,-14.014863
2026-07-16 00:49:20.523000+00:00,13.23,13.254004,-5.504608,0.078106,-24.004002
2026-07-16 00:53:20.524000+00:00,13.22,13.254206,-5.532074,0.117207,-34.206022
2026-07-16 00:54:20.523000+00:00,13.23,13.254186,-5.514908,0.156307,-24.18554
2026-07-16 00:56:54.523000+00:00,13.22,13.254395,-5.522156,0.117207,-34.395008
2026-07-16 00:57:54.523000+00:00,13.23,13.254395,-5.530167,0.156307,-24.395008
2026-07-16 00:58:54.523000+00:00,13.24,13.254395,-5.50499,0.156307,-14.395008
2026-07-16 00:59:54.524000+00:00,13.23,13.254395,-5.508804,0.117207,-24.395008
2026-07-16 01:01:54.523000+00:00,13.24,13.254598,-5.508041,0.156307,-14.597517
2026-07-16 01:02:15.409000+00:00,13.23,13.254597,-5.505753,0.156307,-24.596519
2026-07-16 01:03:24.523000+00:00,13.24,13.254576,-5.494308,0.156212,-14.576138
2026-07-16 01:04:24.524000+00:00,13.23,13.254818,-5.521011,0.156212,-24.817645
2026-07-16 01:07:24.525000+00:00,13.24,13.254752,-5.509186,0.195312,-14.752477
2026-07-16 01:10:24.523000+00:00,13.23,13.254988,-5.514145,0.156212,-24.988083
2026-07-16 01:11:24.523000+00:00,13.22,13.254988,-5.51033,0.156212,-34.988083
2026-07-16 01:12:24.525000+00:00,13.24,13.255117,-5.5233,0.156212,-15.117416
2026-07-16 01:13:24.524000+00:00,13.23,13.255209,-5.511093,0.195312,-25.208651
2026-07-16 01:20:17.524000+00:00,13.24,13.255372,-5.489349,0.156307,-15.371571
2026-07-16 01:22:17.523000+00:00,13.23,13.255469,-5.509567,0.156212,-25.469004
2026-07-16 01:24:17.523000+00:00,13.24,13.255567,-5.501938,0.156307,-15.566597
2026-07-16 01:25:39.522000+00:00,13.23,13.255859,-5.501175,0.156307,-25.859375
2026-07-16 01:26:39.524000+00:00,13.24,13.255762,-5.498123,0.156307,-15.761623
2026-07-16 01:27:39.524000+00:00,13.23,13.255762,-5.508041,0.156307,-25.761623
2026-07-16 01:28:39.523000+00:00,13.24,13.255754,-5.498123,0.156307,-15.754104
2026-07-16 01:33:14.523000+00:00,13.23,13.255966,-5.50766,0.117207,-25.966013
2026-07-16 01:35:17.524000+00:00,13.24,13.25599,-5.502319,0.136662,-15.98971
2026-07-16 01:36:17.523000+00:00,13.23,13.256172,-5.513,0.136662,-26.17218
2026-07-16 01:38:17.524000+00:00,13.24,13.25616,-5.509186,0.136662,-16.160149
2026-07-16 01:41:17.524000+00:00,13.23,13.256337,-5.491257,0.136662,-26.337272
2026-07-16 01:45:17.524000+00:00,13.24,13.256446,-5.495453,0.097656,-16.445612
2026-07-16 01:46:17.523000+00:00,13.23,13.256543,-5.519104,0.136757,-26.543159
2026-07-16 01:47:17.523000+00:00,13.24,13.256552,-5.501175,0.097656,-16.552003
2026-07-16 01:48:17.523000+00:00,13.23,13.256534,-5.509567,0.097656,-26.534316
2026-07-16 01:49:17.524000+00:00,13.24,13.256543,-5.511475,0.097656,-16.543159
2026-07-16 01:52:25.863000+00:00,13.23,13.256758,-5.509567,0.136757,-26.757736
2026-07-16 01:53:25.523000+00:00,13.24,13.256738,-5.530167,0.097656,-16.738186
2026-07-16 01:54:25.523000+00:00,13.23,13.256733,-5.490875,0.136757,-26.733041
2026-07-16 01:55:25.523000+00:00,13.24,13.256738,-5.53093,0.097656,-16.738186
2026-07-16 02:01:25.524000+00:00,13.23,13.256934,-5.509186,0.097656,-26.933689
2026-07-16 02:05:15.523000+00:00,13.24,13.257129,-5.493546,0.097656,-17.129192
2026-07-16 02:07:15.524000+00:00,13.23,13.257129,-5.499649,0.078106,-27.129192
2026-07-16 02:08:15.523000+00:00,13.24,13.257129,-5.506516,0.078106,-17.129192
2026-07-16 02:11:15.524000+00:00,13.23,13.257357,-5.515671,0.117207,-27.357279
2026-07-16 02:17:15.523000+00:00,13.22,13.257325,-5.509186,0.078106,-37.324696
2026-07-16 02:19:15.523000+00:00,13.24,13.257617,-5.506134,0.078106,-17.616997
2026-07-16 02:21:46.524000+00:00,13.23,13.25752,-5.508423,0.078106,-27.519722
2026-07-16 02:23:15.524000+00:00,13.24,13.257527,-5.505753,0.078106,-17.527205
2026-07-16 02:25:16.008000+00:00,13.23,13.257512,-5.480957,0.078106,-27.512239
2026-07-16 02:29:15.523000+00:00,13.24,13.257715,-5.514908,0.039005,-17.714748
2026-07-16 02:31:15.523000+00:00,13.23,13.25771,-5.487061,0.078106,-27.709604
2026-07-16 02:34:15.524000+00:00,13.24,13.257715,-5.486679,0.078106,-17.714748
2026-07-16 02:35:15.523000+00:00,13.23,13.257773,-5.504227,0.078106,-27.773399
2026-07-16 02:38:15.523000+00:00,13.23,13.257852,-5.490494,0.039101,-27.851601
2026-07-16 02:40:15.522000+00:00,13.23,13.25791,-5.505371,0.078106,-27.910252
2026-07-16 02:42:15.523000+00:00,13.22,13.25791,-5.49469,0.078106,-37.910252
2026-07-16 02:44:04.523000+00:00,13.23,13.25791,-5.524063,0.039101,-27.910252
2026-07-16 02:46:04.524000+00:00,13.22,13.257896,-5.502319,0.039101,-37.896287
2026-07-16 02:47:04.523000+00:00,13.23,13.257899,-5.51033,0.039101,-27.89939
2026-07-16 02:54:14.523000+00:00,13.22,13.258079,-5.526733,0.039101,-38.079095
2026-07-16 02:55:14.523000+00:00,13.23,13.258106,-5.510712,0.039101,-28.105755
2026-07-16 02:59:14.524000+00:00,13.24,13.258115,-5.501175,0.039101,-18.114641
2026-07-16 03:00:14.524000+00:00,13.23,13.258099,-5.519485,0.039101,-28.099238
2026-07-16 03:03:14.524000+00:00,13.24,13.258106,-5.515289,0.039101,-18.105755
2026-07-16 03:04:14.523000+00:00,13.23,13.25812,-5.484009,0.0,-28.119719
2026-07-16 03:08:14.523000+00:00,13.22,13.258204,-5.5233,0.039101,-38.203506
2026-07-16 03:09:14.523000+00:00,13.23,13.258204,-5.499649,0.039101,-28.203506
2026-07-16 03:11:14.523000+00:00,13.24,13.258399,-5.491638,0.039101,-18.39901
2026-07-16 03:12:14.524000+00:00,13.23,13.258269,-5.538177,0.0,-28.268674
2026-07-16 03:15:14.523000+00:00,13.22,13.258312,-5.531311,0.039101,-38.312119
2026-07-16 03:16:14.524000+00:00,13.23,13.258309,-5.512619,0.039101,-28.308777
2026-07-16 03:18:14.523000+00:00,13.24,13.258301,-5.520248,0.0,-18.301258
2026-07-16 03:20:14.523000+00:00,13.23,13.258301,-5.501938,0.0,-28.301258
2026-07-16 03:22:52.523000+00:00,13.24,13.258296,-5.498123,0.0,-18.295508
2026-07-16 03:23:52.523000+00:00,13.23,13.258295,-5.512619,0.0,-28.294741
2026-07-16 03:26:18.523000+00:00,13.24,13.258307,-5.488586,-0.01955,-18.307008
2026-07-16 03:27:18.523000+00:00,13.23,13.258301,-5.505371,-0.01955,-28.301258
2026-07-16 03:28:18.523000+00:00,13.22,13.258301,-5.491257,0.019455,-38.301258
2026-07-16 03:29:18.524000+00:00,13.23,13.258287,-5.505371,0.01955,-28.287294
2026-07-16 03:30:18.523000+00:00,13.24,13.258301,-5.484009,-0.01955,-18.301258
2026-07-16 03:31:18.523000+00:00,13.23,13.258294,-5.505371,0.01955,-28.293739
2026-07-16 03:34:18.523000+00:00,13.24,13.258301,-5.498123,-0.01955,-18.301258
2026-07-16 03:35:18.523000+00:00,13.23,13.25829,-5.501556,0.01955,-28.290397
2026-07-16 03:36:18.523000+00:00,13.24,13.258301,-5.514526,0.01955,-18.301258
2026-07-16 03:37:18.523000+00:00,13.23,13.258308,-5.516434,-0.01955,-28.307775
2026-07-16 03:38:12.798000+00:00,13.24,13.258301,-5.505371,-0.01955,-18.301258
2026-07-16 03:40:22.523000+00:00,13.23,13.258301,-5.490494,-0.01955,-28.301258
2026-07-16 03:45:22.524000+00:00,13.24,13.25835,-5.511475,-0.01955,-18.350015
2026-07-16 03:46:22.523000+00:00,13.23,13.258399,-5.508041,0.01955,-28.398692
2026-07-16 03:47:22.523000+00:00,13.24,13.258594,-5.513382,-0.01955,-18.593559
2026-07-16 03:49:22.524000+00:00,13.23,13.258438,-5.508423,-0.01955,-28.437729
2026-07-16 03:51:22.524000+00:00,13.25,13.258269,-5.516052,-0.01955,-8.268674
2026-07-16 03:52:16.994000+00:00,13.24,13.258269,-5.505753,-0.01955,-18.268674
2026-07-16 03:53:26.524000+00:00,13.23,13.258301,-5.48439,0.01955,-28.301258
2026-07-16 03:55:26.523000+00:00,13.24,13.258594,-5.496979,-0.01955,-18.593559
2026-07-16 03:56:26.523000+00:00,13.23,13.258496,-5.509949,0.01955,-28.496284
2026-07-16 04:01:17.869000+00:00,13.22,13.258301,-5.492783,0.01955,-38.301258
2026-07-16 04:02:17.523000+00:00,13.24,13.258269,-5.515289,-0.01955,-18.268674
2026-07-16 04:05:17.523000+00:00,13.23,13.258448,-5.493927,0.01955,-28.447528
2026-07-16 04:07:17.523000+00:00,13.25,13.258292,-5.508041,-0.01955,-8.292372
2026-07-16 04:08:17.524000+00:00,13.23,13.258321,-5.525208,0.01955,-28.320808
2026-07-16 04:16:17.525000+00:00,13.22,13.258315,-5.510712,0.01955,-38.315223
2026-07-16 04:17:17.523000+00:00,13.24,13.258294,-5.491638,0.0,-18.293739
2026-07-16 04:18:17.524000+00:00,13.23,13.258301,-5.498123,0.0,-28.301258
2026-07-16 04:23:20.524000+00:00,13.24,13.258309,-5.516052,-0.039101,-18.308777
2026-07-16 04:26:20.523000+00:00,13.23,13.258306,-5.509567,-0.039101,-28.306403
2026-07-16 04:27:20.524000+00:00,13.24,13.258301,-5.490494,-0.039101,-18.301258
2026-07-16 04:28:20.523000+00:00,13.23,13.258301,-5.516052,-0.039101,-28.301258
2026-07-16 04:30:20.523000+00:00,13.24,13.258301,-5.510712,0.0,-18.301258
2026-07-16 04:32:20.523000+00:00,13.23,13.25829,-5.509186,0.0,-28.290397
2026-07-16 04:33:11.112000+00:00,13.24,13.258292,-5.514526,0.0,-18.292372
2026-07-16 04:34:10.523000+00:00,13.25,13.258301,-5.514145,-0.039101,-8.301258
2026-07-16 04:35:10.524000+00:00,13.23,13.258301,-5.519485,0.0,-28.301258
2026-07-16 04:36:10.523000+00:00,13.22,13.258301,-5.489731,0.0,-38.301258
2026-07-16 04:37:10.523000+00:00,13.23,13.258399,-5.50766,-0.039101,-28.39901
2026-07-16 04:38:10.523000+00:00,13.24,13.258315,-5.507278,-0.039101,-18.315223
2026-07-16 04:39:10.523000+00:00,13.23,13.258334,-5.519104,-0.039101,-28.333842
2026-07-16 04:40:10.523000+00:00,13.24,13.258236,-5.51033,0.0,-18.23609
2026-07-16 04:44:10.523000+00:00,13.23,13.258106,-5.498123,-0.039101,-28.105755
2026-07-16 04:45:10.523000+00:00,13.22,13.258099,-5.498886,-0.058651,-38.099238
2026-07-16 04:46:10.523000+00:00,13.23,13.258106,-5.516434,-0.058651,-28.105755
2026-07-16 04:47:15.384000+00:00,13.24,13.258106,-5.508804,-0.01955,-18.105755
2026-07-16 04:48:14.524000+00:00,13.23,13.258106,-5.499649,-0.01955,-28.105755
2026-07-16 04:52:27.523000+00:00,13.24,13.258113,-5.484772,-0.01955,-18.113274
2026-07-16 04:53:27.523000+00:00,13.23,13.258113,-5.518341,-0.01955,-28.113274
2026-07-16 05:00:27.523000+00:00,13.24,13.257943,-5.51033,-0.058651,-17.942835
2026-07-16 05:01:19.530000+00:00,13.23,13.257891,-5.49202,-0.01955,-27.890701
2026-07-16 05:09:13.523000+00:00,13.22,13.257917,-5.510712,-0.058651,-37.916768
2026-07-16 05:10:13.523000+00:00,13.23,13.25791,-5.512619,-0.01955,-27.910252
2026-07-16 05:20:13.523000+00:00,13.24,13.257617,-5.518723,-0.058556,-17.616997
2026-07-16 05:21:27.523000+00:00,13.23,13.257708,-5.503082,-0.058556,-27.708232
2026-07-16 05:24:13.320000+00:00,13.22,13.257722,-5.516434,-0.01955,-37.722268
2026-07-16 05:25:12.524000+00:00,13.23,13.257715,-5.500031,-0.058556,-27.714748
2026-07-16 05:32:12.524000+00:00,13.24,13.257617,-5.511475,-0.058556,-17.617235
2026-07-16 05:33:12.523000+00:00,13.23,13.257422,-5.50499,-0.058556,-27.422447
2026-07-16 05:34:12.525000+00:00,13.25,13.2575,-5.522919,-0.058556,-7.500267
2026-07-16 05:35:15.283000+00:00,13.23,13.25752,-5.503082,-0.058556,-27.519722
2026-07-16 05:36:14.523000+00:00,13.24,13.257529,-5.495071,-0.058556,-17.528565
2026-07-16 05:39:14.523000+00:00,13.23,13.257513,-5.492783,-0.019455,-27.513237
2026-07-16 05:40:14.524000+00:00,13.24,13.257525,-5.497742,-0.058556,-17.525444
2026-07-16 05:42:14.523000+00:00,13.23,13.257527,-5.513382,-0.058556,-27.527205
2026-07-16 05:44:14.524000+00:00,13.22,13.257325,-5.512619,-0.058556,-37.324696
2026-07-16 05:47:14.524000+00:00,13.23,13.257325,-5.500031,-0.058556,-27.324696
2026-07-16 05:48:14.523000+00:00,13.24,13.257334,-5.501556,-0.039101,-17.333582
2026-07-16 05:52:16.524000+00:00,13.23,13.257325,-5.510712,-0.039101,-27.324696
2026-07-16 05:54:14.524000+00:00,13.24,13.257334,-5.51033,-0.039101,-17.333582
2026-07-16 05:55:14.523000+00:00,13.23,13.257325,-5.493546,-0.039101,-27.324696
2026-07-16 05:57:14.523000+00:00,13.24,13.257422,-5.511093,-0.039101,-17.422447
2026-07-16 06:00:14.524000+00:00,13.23,13.257129,-5.499649,-0.078106,-27.129192
2026-07-16 06:05:14.523000+00:00,13.24,13.257129,-5.500412,-0.039101,-17.129192
2026-07-16 06:08:18.523000+00:00,13.23,13.25714,-5.514908,-0.039101,-27.140054
2026-07-16 06:09:18.524000+00:00,13.24,13.25712,-5.490112,-0.078201,-17.120306
2026-07-16 06:11:18.523000+00:00,13.23,13.257129,-5.502701,-0.078201,-27.129192
2026-07-16 06:12:18.524000+00:00,13.24,13.257129,-5.506516,-0.078201,-17.129192
2026-07-16 06:15:18.524000+00:00,13.23,13.256934,-5.511093,-0.078201,-26.933689
2026-07-16 06:18:18.524000+00:00,13.24,13.256934,-5.488586,-0.078106,-16.933689
2026-07-16 06:21:05.524000+00:00,13.23,13.256948,-5.513382,-0.039101,-26.947654
2026-07-16 06:21:12.919000+00:00,13.24,13.256948,-5.510712,-0.039101,-16.947654
2026-07-16 06:22:22.523000+00:00,13.23,13.256934,-5.521011,-0.039101,-26.933689
2026-07-16 06:25:22.524000+00:00,13.23,13.256738,-5.516052,-0.078106,-26.738186
2026-07-16 06:26:22.524000+00:00,13.24,13.256787,-5.482483,-0.078106,-16.787062
2026-07-16 06:28:22.524000+00:00,13.23,13.256738,-5.513,-0.078106,-26.738186
2026-07-16 06:29:22.523000+00:00,13.24,13.256738,-5.508804,-0.078106,-16.738186
2026-07-16 06:30:22.524000+00:00,13.23,13.256738,-5.521011,-0.078106,-26.738186
2026-07-16 06:35:17.115000+00:00,13.22,13.256641,-5.514526,-0.078106,-36.640673
2026-07-16 06:36:26.523000+00:00,13.23,13.256608,-5.524063,-0.078106,-26.608168
2026-07-16 06:38:26.524000+00:00,13.24,13.256532,-5.516434,-0.039005,-16.532351
2026-07-16 06:39:26.523000+00:00,13.23,13.256536,-5.522537,-0.078106,-26.535677
2026-07-16 06:43:26.524000+00:00,13.24,13.25655,-5.513,-0.039005,-16.549644
2026-07-16 06:44:26.523000+00:00,13.23,13.256563,-5.514908,-0.039005,-26.562614
2026-07-16 06:46:14.176000+00:00,13.24,13.256348,-5.498123,-0.078106,-16.348133
2026-07-16 06:47:23.523000+00:00,13.23,13.256348,-5.513382,-0.078106,-26.348133
2026-07-16 06:52:19.523000+00:00,13.22,13.256348,-5.492401,-0.078106,-36.348133
2026-07-16 06:53:19.524000+00:00,13.24,13.256348,-5.509567,-0.039101,-16.348133
2026-07-16 06:55:19.524000+00:00,13.22,13.256381,-5.510712,-0.039101,-36.380717
2026-07-16 06:56:19.523000+00:00,13.23,13.25625,-5.514145,-0.078201,-26.250381
2026-07-16 06:58:19.523000+00:00,13.24,13.25612,-5.505371,-0.039101,-16.120046
2026-07-16 06:59:19.523000+00:00,13.23,13.25612,-5.509186,-0.078201,-26.120046
2026-07-16 07:02:19.524000+00:00,13.24,13.256153,-5.512238,-0.078106,-16.15263
2026-07-16 07:03:19.524000+00:00,13.23,13.256146,-5.496979,-0.078201,-26.146113
2026-07-16 07:05:13.523000+00:00,13.24,13.256172,-5.513763,-0.039101,-16.17218
2026-07-16 07:06:13.523000+00:00,13.22,13.256153,-5.49469,-0.078201,-36.15263
2026-07-16 07:07:13.524000+00:00,13.24,13.255859,-5.509567,-0.039101,-15.859375
2026-07-16 07:08:13.524000+00:00,13.22,13.256055,-5.501556,-0.039101,-36.054878
2026-07-16 07:09:13.523000+00:00,13.23,13.256006,-5.493927,-0.078201,-26.006002
2026-07-16 07:12:13.523000+00:00,13.24,13.255946,-5.511475,-0.078106,-15.946265
2026-07-16 07:13:13.524000+00:00,13.22,13.255957,-5.504227,-0.078201,-35.957127
2026-07-16 07:14:13.523000+00:00,13.23,13.255957,-5.521011,-0.078201,-25.957127
2026-07-16 07:18:17.836000+00:00,13.22,13.255908,-5.52063,-0.078106,-35.908251
2026-07-16 07:19:32.523000+00:00,13.24,13.255664,-5.501175,-0.039101,-15.663872
2026-07-16 07:20:32.523000+00:00,13.23,13.255762,-5.515289,-0.078106,-25.761623
2026-07-16 07:23:32.524000+00:00,13.22,13.255762,-5.487823,-0.078106,-35.761623
2026-07-16 07:24:32.524000+00:00,13.23,13.255756,-5.51796,-0.078106,-25.755873
2026-07-16 07:27:32.524000+00:00,13.24,13.255697,-5.525208,-0.078106,-15.696615
2026-07-16 07:28:32.524000+00:00,13.23,13.255567,-5.508041,-0.078106,-25.566597
2026-07-16 07:29:32.524000+00:00,13.24,13.255575,-5.505753,-0.078106,-15.57544
2026-07-16 07:31:32.523000+00:00,13.22,13.25556,-5.506516,-0.078106,-35.560112
2026-07-16 07:32:21.938000+00:00,13.23,13.255558,-5.488586,-0.078106,-25.557754
2026-07-16 07:35:03.523000+00:00,13.24,13.25558,-5.508423,-0.039005,-15.580493
2026-07-16 07:38:04.524000+00:00,13.23,13.255469,-5.515671,-0.078106,-25.469084
2026-07-16 07:39:04.524000+00:00,13.24,13.255372,-5.509949,-0.078106,-15.371571
2026-07-16 07:41:04.523000+00:00,13.23,13.255379,-5.504608,-0.078106,-25.37909
2026-07-16 07:45:04.524000+00:00,13.24,13.255386,-5.51796,-0.078201,-15.385535
2026-07-16 07:48:24.982000+00:00,13.23,13.255176,-5.479813,-0.078106,-25.176067
2026-07-16 07:49:24.523000+00:00,13.24,13.255176,-5.514908,-0.078201,-15.176067
2026-07-16 07:51:24.524000+00:00,13.23,13.25517,-5.505371,-0.078201,-25.169551
2026-07-16 07:58:04.524000+00:00,13.24,13.254981,-5.509567,-0.078201,-14.980564
2026-07-16 07:59:04.523000+00:00,13.22,13.254995,-5.500793,-0.078201,-34.994529
2026-07-16 08:00:04.524000+00:00,13.23,13.254981,-5.530548,-0.078201,-24.980564
2026-07-16 08:03:04.524000+00:00,13.24,13.254981,-5.507278,-0.078106,-14.980564
2026-07-16 08:04:04.523000+00:00,13.22,13.254981,-5.495071,-0.078106,-34.980564
2026-07-16 08:05:04.524000+00:00,13.23,13.255078,-5.519104,-0.078201,-25.078316
2026-07-16 08:06:58.539000+00:00,13.22,13.254883,-5.482483,-0.078201,-34.882812
2026-07-16 08:09:08.524000+00:00,13.23,13.254771,-5.505371,-0.078106,-24.771096
2026-07-16 08:19:02.533000+00:00,13.22,13.25459,-5.500793,-0.078106,-34.590034
2026-07-16 08:20:02.523000+00:00,13.21,13.254601,-5.496597,-0.078106,-44.600843
2026-07-16 08:21:02.523000+00:00,13.23,13.25459,-5.516815,-0.078106,-24.590034
2026-07-16 08:21:12.969000+00:00,13.22,13.25459,-5.493164,-0.078106,-34.590034
2026-07-16 08:22:12.523000+00:00,13.23,13.254525,-5.525208,-0.078106,-24.525026
2026-07-16 08:23:12.524000+00:00,13.24,13.254362,-5.503845,-0.078106,-14.362424
2026-07-16 08:24:12.523000+00:00,13.23,13.254395,-5.500031,-0.078106,-24.395008
2026-07-16 08:25:12.523000+00:00,13.24,13.254395,-5.503082,-0.078106,-14.395008
2026-07-16 08:26:12.524000+00:00,13.23,13.254395,-5.495453,-0.078106,-24.395008
2026-07-16 08:30:12.523000+00:00,13.24,13.254395,-5.516434,-0.078106,-14.395008
2026-07-16 08:31:12.523000+00:00,13.23,13.254493,-5.5233,-0.078106,-24.49276
2026-07-16 08:32:12.523000+00:00,13.24,13.254297,-5.51033,-0.039101,-14.297256
2026-07-16 08:34:12.525000+00:00,13.23,13.254206,-5.496597,-0.078106,-24.206022
2026-07-16 08:36:16.523000+00:00,13.22,13.2542,-5.499268,-0.078201,-34.199505
2026-07-16 08:37:16.523000+00:00,13.23,13.2542,-5.515289,-0.078201,-24.199505
2026-07-16 08:38:16.524000+00:00,13.24,13.2542,-5.502701,-0.078201,-14.199505
2026-07-16 08:39:16.524000+00:00,13.23,13.254141,-5.506516,-0.039101,-24.140854
2026-07-16 08:40:16.523000+00:00,13.24,13.254102,-5.514526,-0.078106,-14.101753
2026-07-16 08:42:16.523000+00:00,13.23,13.254004,-5.519104,-0.039101,-24.004002
2026-07-16 08:47:16.523000+00:00,13.24,13.254004,-5.498505,-0.078106,-14.004002
2026-07-16 08:49:11.113000+00:00,13.23,13.253711,-5.521774,-0.078106,-23.710747
2026-07-16 08:51:20.523000+00:00,13.24,13.253789,-5.504227,-0.078106,-13.788948
2026-07-16 08:52:20.524000+00:00,13.23,13.253808,-5.527496,-0.078106,-23.808498
2026-07-16 08:58:20.523000+00:00,13.24,13.25373,-5.496597,-0.078106,-13.730488
2026-07-16 08:59:20.523000+00:00,13.22,13.253594,-5.497742,-0.078106,-33.594017
2026-07-16 09:00:20.523000+00:00,13.23,13.253613,-5.50766,-0.078106,-23.613472
2026-07-16 09:07:25.524000+00:00,13.22,13.253321,-5.529785,-0.117207,-33.320694
2026-07-16 09:08:25.523000+00:00,13.23,13.253404,-5.505753,-0.078106,-23.404481
2026-07-16 09:10:25.523000+00:00,13.22,13.253408,-5.513,-0.078106,-33.407584
2026-07-16 09:15:25.523000+00:00,13.23,13.253223,-5.515671,-0.078106,-23.222942
2026-07-16 09:17:06.524000+00:00,13.22,13.253223,-5.528259,-0.078106,-33.222942
2026-07-16 09:17:19.498000+00:00,13.23,13.253223,-5.508423,-0.078106,-23.222942
2026-07-16 09:18:29.523000+00:00,13.22,13.253223,-5.532074,-0.078106,-33.222942
2026-07-16 09:19:29.523000+00:00,13.23,13.253228,-5.514145,-0.117111,-23.228087
2026-07-16 09:21:29.523000+00:00,13.22,13.253223,-5.512619,-0.078201,-33.222942
2026-07-16 09:22:29.524000+00:00,13.23,13.25293,-5.499268,-0.117111,-22.929687
2026-07-16 09:27:29.524000+00:00,13.22,13.253027,-5.513,-0.078201,-33.027439
2026-07-16 09:29:29.523000+00:00,13.22,13.253027,-5.499268,-0.078106,-33.027439
2026-07-16 09:31:23.672000+00:00,13.22,13.252832,-5.521774,-0.078106,-32.831936
2026-07-16 09:32:33.524000+00:00,13.21,13.252823,-5.496979,-0.117207,-42.823049
2026-07-16 09:33:33.524000+00:00,13.23,13.252832,-5.491638,-0.078106,-22.831936
2026-07-16 09:34:33.523000+00:00,13.22,13.252826,-5.504608,-0.078106,-32.826186
2026-07-16 09:35:33.523000+00:00,13.23,13.252832,-5.519104,-0.078106,-22.831936
2026-07-16 09:37:11.524000+00:00,13.22,13.252832,-5.522156,-0.078106,-32.831936
2026-07-16 09:39:11.523000+00:00,13.23,13.25254,-5.505371,-0.117207,-22.539635
2026-07-16 09:41:11.524000+00:00,13.22,13.252651,-5.523682,-0.078106,-32.650874
2026-07-16 09:42:11.523000+00:00,13.24,13.252637,-5.508804,-0.078106,-12.636909
2026-07-16 09:44:11.522000+00:00,13.23,13.252637,-5.532074,-0.078106,-22.636909
2026-07-16 09:46:11.523000+00:00,13.22,13.252598,-5.497742,-0.078106,-32.597904
2026-07-16 09:48:39.524000+00:00,13.23,13.252442,-5.50766,-0.078106,-22.441883
2026-07-16 09:53:39.524000+00:00,13.22,13.252383,-5.514908,-0.117207,-32.383232
2026-07-16 09:55:01.523000+00:00,13.23,13.252246,-5.502319,-0.078106,-22.24638
2026-07-16 10:01:01.524000+00:00,13.22,13.252257,-5.518341,-0.097656,-32.257241
2026-07-16 10:02:01.523000+00:00,13.23,13.252232,-5.498123,-0.097656,-22.232415
2026-07-16 10:04:01.524000+00:00,13.22,13.252018,-5.516052,-0.097656,-32.018293
2026-07-16 10:15:54.523000+00:00,13.21,13.25185,-5.519104,-0.058556,-41.849623
2026-07-16 10:17:02.522000+00:00,13.22,13.251855,-5.517197,-0.097656,-31.855373
2026-07-16 10:26:58.523000+00:00,13.21,13.251368,-5.517578,-0.097656,-41.367569
2026-07-16 10:27:58.523000+00:00,13.22,13.251563,-5.508423,-0.097656,-31.562834
2026-07-16 10:32:58.524000+00:00,13.21,13.251465,-5.498505,-0.097656,-41.465321
2026-07-16 10:37:03.525000+00:00,13.22,13.25127,-5.501175,-0.078106,-31.269817
2026-07-16 10:39:03.523000+00:00,13.21,13.25127,-5.508041,-0.078106,-41.269817
2026-07-16 10:40:03.522000+00:00,13.22,13.25127,-5.529022,-0.117111,-31.269817
2026-07-16 10:44:03.523000+00:00,13.23,13.251042,-5.508423,-0.117111,-21.04173
2026-07-16 10:45:03.524000+00:00,13.22,13.251074,-5.502701,-0.078201,-31.074314
2026-07-16 10:46:26.524000+00:00,13.23,13.251074,-5.510712,-0.078201,-21.074314
2026-07-16 10:48:04.522000+00:00,13.22,13.251074,-5.529404,-0.078201,-31.074314
2026-07-16 10:50:04.523000+00:00,13.23,13.251074,-5.510712,-0.078106,-21.074314
2026-07-16 10:51:07.525000+00:00,13.22,13.251042,-5.491257,-0.078106,-31.04173
2026-07-16 10:55:07.523000+00:00,13.23,13.250871,-5.525589,-0.078106,-20.871292
2026-07-16 10:56:07.523000+00:00,13.22,13.250898,-5.495834,-0.078106,-30.898361
2026-07-16 10:59:07.525000+00:00,13.21,13.250587,-5.498886,-0.117207,-40.58651
2026-07-16 11:00:07.524000+00:00,13.22,13.250664,-5.501175,-0.117207,-30.66433
2026-07-16 11:02:08.523000+00:00,13.21,13.250684,-5.498123,-0.078106,-40.683784
2026-07-16 11:03:08.524000+00:00,13.22,13.250693,-5.511856,-0.078106,-30.692628
2026-07-16 11:07:11.524000+00:00,13.21,13.250456,-5.516815,-0.117207,-40.456174
2026-07-16 11:08:11.524000+00:00,13.22,13.250391,-5.513763,-0.117207,-30.391006
2026-07-16 11:11:11.522000+00:00,13.21,13.250495,-5.5233,-0.117207,-40.494508
2026-07-16 11:12:11.524000+00:00,13.22,13.250489,-5.504608,0.976562,-30.488758
2026-07-16 11:15:13.368000+00:00,13.23,13.250196,-5.536652,1.367188,-20.195503
2026-07-16 11:18:12.524000+00:00,13.21,13.250301,-5.508041,2.031326,-40.300774
2026-07-16 11:19:15.523000+00:00,13.23,13.2503,-5.514145,2.382851,-20.299772
2026-07-16 11:20:15.524000+00:00,13.22,13.250293,-5.514526,2.578068,-30.293255
2026-07-16 11:23:15.524000+00:00,13.23,13.250098,-5.532074,2.656174,-20.097752
2026-07-16 11:24:15.524000+00:00,13.22,13.250065,-5.509949,2.69537,-30.065168
2026-07-16 11:27:15.523000+00:00,13.21,13.250104,-5.509949,3.281212,-40.103502
2026-07-16 11:28:15.523000+00:00,13.22,13.250117,-5.509186,3.398418,-30.117302
2026-07-16 11:29:15.523000+00:00,13.21,13.250098,-5.516434,3.476524,-40.097752
2026-07-16 11:31:17.524000+00:00,13.22,13.249967,-5.509186,3.593731,-29.967416
2026-07-16 11:32:17.523000+00:00,13.21,13.249935,-5.516052,3.749943,-39.934832
2026-07-16 11:33:19.523000+00:00,13.23,13.259795,-0.357819,3.984356,-29.794659
2026-07-16 11:34:19.524000+00:00,13.25,13.268767,-0.011063,4.257774,-18.767191
2026-07-16 11:37:10.523000+00:00,13.26,13.278167,-0.015259,4.589844,-18.167043
2026-07-16 11:38:10.523000+00:00,13.25,13.280436,-0.012207,4.628944,-30.436436
2026-07-16 11:39:10.523000+00:00,13.26,13.281907,-0.011444,4.70705,-21.907168
2026-07-16 11:41:10.523000+00:00,13.25,13.285178,-0.013351,4.863358,-35.178185
2026-07-16 11:42:10.526000+00:00,13.26,13.286257,-0.012207,4.941463,-26.257224
2026-07-16 11:43:49.523000+00:00,13.25,13.28824,-0.013733,3.90625,-38.239547
2026-07-16 11:44:49.524000+00:00,13.26,13.289293,-0.004196,3.574181,-29.293463
2026-07-16 11:46:49.523000+00:00,13.25,13.291124,-0.012589,3.242207,-41.124238
2026-07-16 11:47:49.524000+00:00,13.27,13.291906,-0.004196,3.10545,-21.905509
2026-07-16 11:49:49.524000+00:00,13.26,13.293418,-0.005722,2.832031,-33.418217
2026-07-16 11:50:49.523000+00:00,13.27,13.294249,0.006866,2.675819,-24.249429
2026-07-16 11:54:59.528000+00:00,13.26,13.296777,0.009537,2.206993,-36.777487
2026-07-16 11:55:59.522000+00:00,13.27,13.297353,-0.024796,2.128887,-27.352791
2026-07-16 11:56:59.524000+00:00,13.28,13.297852,-0.010681,2.011776,-17.851682
2026-07-16 11:57:59.523000+00:00,13.27,13.298286,-0.004959,1.93367,-28.285908
2026-07-16 12:01:59.523000+00:00,13.28,13.300163,-0.001526,1.699257,-20.16311
2026-07-16 12:04:59.523000+00:00,13.27,13.301309,-0.014877,1.503944,-31.308918
2026-07-16 12:06:59.523000+00:00,13.28,13.302181,0.006104,1.464844,-22.181403
2026-07-16 12:07:54.246000+00:00,13.27,13.302539,-0.023651,1.425743,-32.53911
2026-07-16 12:09:03.524000+00:00,13.28,13.30293,-0.020599,1.386642,-22.929878
2026-07-16 12:14:55.523000+00:00,13.26,13.304557,-0.006866,1.152325,-44.557244
2026-07-16 12:15:55.523000+00:00,13.28,13.304916,-0.008774,1.113319,-24.915587
2026-07-16 12:16:55.523000+00:00,13.27,13.305134,-0.001144,1.074219,-35.134365
2026-07-16 12:17:55.524000+00:00,13.28,13.305436,-0.001907,0.996113,-25.436293
2026-07-16 12:18:55.523000+00:00,13.27,13.305664,0.005341,0.996017,-35.664063
2026-07-16 12:19:55.523000+00:00,13.28,13.305879,-0.018692,0.957012,-25.879116
2026-07-16 12:20:55.523000+00:00,13.27,13.306202,-0.020599,0.918007,-36.201577
2026-07-16 12:23:08.525000+00:00,13.28,13.306716,-0.010681,0.839806,-26.715819
2026-07-16 12:30:08.522000+00:00,13.27,13.308236,-0.009155,0.683594,-38.235963
2026-07-16 12:31:08.523000+00:00,13.28,13.308398,-0.014877,0.683594,-28.398485
2026-07-16 12:32:08.524000+00:00,13.27,13.308534,-0.002289,0.644493,-38.533595
2026-07-16 12:33:08.525000+00:00,13.28,13.308757,-0.012589,0.644493,-28.756669
2026-07-16 12:36:12.663000+00:00,13.27,13.309286,-0.003052,0.605488,-39.286378
2026-07-16 12:37:12.525000+00:00,13.28,13.30945,0.018311,0.605392,-29.450076
2026-07-16 12:40:12.524000+00:00,13.27,13.309961,-0.004196,0.605488,-39.961319
2026-07-16 12:41:12.523000+00:00,13.28,13.310067,-0.017166,0.566387,-30.06659
2026-07-16 12:57:16.524000+00:00,13.27,13.312305,0.004959,0.468731,-42.304735
2026-07-16 13:05:20.523000+00:00,13.27,13.313281,0.003433,0.468731,-43.28125
2026-07-16 13:06:20.523000+00:00,13.28,13.313379,0.001526,0.468731,-33.378811
2026-07-16 13:07:20.524000+00:00,13.27,13.313428,0.001907,0.468731,-43.427687
2026-07-16 13:08:20.523000+00:00,13.28,13.313574,0.011063,0.42963,-33.574314
2026-07-16 13:12:18.524000+00:00,13.27,13.313965,-0.011063,0.390625,-43.965321
2026-07-16 13:13:18.524000+00:00,13.28,13.31403,-0.007629,0.390625,-34.030329
2026-07-16 13:15:18.524000+00:00,13.27,13.314258,-0.006104,0.390625,-44.25794
2026-07-16 13:16:18.523000+00:00,13.28,13.314355,-0.013351,0.35162,-34.355373
2026-07-16 13:28:25.524000+00:00,13.27,13.315332,-0.024414,0.312519,-45.331936
2026-07-16 13:29:25.523000+00:00,13.28,13.315397,-0.009155,0.273418,-35.397104
2026-07-16 13:49:59.524000+00:00,13.27,13.316895,-0.014496,0.234413,-46.895008
2026-07-16 13:53:59.523000+00:00,13.27,13.317097,-0.008774,0.195312,-47.096519
2026-07-16 13:54:59.523000+00:00,13.28,13.317101,0.003815,0.195312,-37.100843
2026-07-16 14:01:59.523000+00:00,13.27,13.317709,-0.007629,0.195312,-47.708651
2026-07-16 14:02:59.524000+00:00,13.28,13.317676,-0.011063,0.195312,-37.676067
2026-07-16 14:15:15.523000+00:00,13.27,13.318262,-0.005722,-33.300781,-48.261623
2026-07-16 14:19:15.523000+00:00,13.27,13.318457,0.004959,-34.160137,-48.457127
2026-07-16 14:20:15.524000+00:00,13.28,13.318457,-0.002289,-34.335995,-38.457127
2026-07-16 14:22:15.524000+00:00,13.19,13.283308,-40.065384,-34.687519,-93.308469
2026-07-16 14:22:21.543000+00:00,13.18,13.264035,-39.735031,-34.726524,-84.034748
2026-07-16 14:22:30.533000+00:00,13.08,13.235294,-79.621124,-34.746075,-155.294286
2026-07-16 14:23:30.524000+00:00,13.03,13.065684,-80.688858,-34.550858,-35.68381
2026-07-16 14:23:48.447000+00:00,12.97,13.044662,-80.751801,-34.765625,-74.661681
2026-07-16 14:24:48.523000+00:00,12.96,13.006775,-80.308151,-35.019588,-46.775494
2026-07-16 14:26:48.523000+00:00,12.94,12.979373,-81.222534,-35.371113,-39.373476
2026-07-16 14:27:48.523000+00:00,12.93,12.973454,-80.867767,-10.429668,-43.454038
2026-07-16 14:29:48.525000+00:00,12.94,12.970576,-80.887222,-4.66795,-30.575626
2026-07-16 14:30:48.522000+00:00,12.93,12.968818,-80.837631,-3.339863,-38.817784
2026-07-16 14:33:14.524000+00:00,13.06,12.983743,-19.033432,22.148418,76.257241
2026-07-16 14:33:29.777000+00:00,13.07,13.019649,-18.958664,22.792912,50.351372
2026-07-16 14:34:05.737000+00:00,12.97,13.104401,-48.974991,24.101543,-134.401271
2026-07-16 14:36:05.524000+00:00,12.93,12.969973,-81.46286,26.054668,-39.973067
2026-07-16 14:37:26.505000+00:00,13.09,12.975195,-0.480652,26.972675,114.804513
2026-07-16 14:38:26.523000+00:00,13.15,13.165222,-0.001907,27.929688,-15.2215
2026-07-16 14:39:26.523000+00:00,13.17,13.20043,0.001907,12.031269,-30.429885
2026-07-16 14:40:14.362000+00:00,13.19,13.213307,0.0,27.226543,-23.307412
2026-07-16 14:41:13.523000+00:00,13.2,13.224317,0.001526,29.179668,-24.316631
2026-07-16 14:43:13.524000+00:00,13.21,13.237565,-0.005341,10.683632,-27.565279
2026-07-16 14:44:13.524000+00:00,13.22,13.242133,-0.011063,8.261776,-22.133405
2026-07-16 14:46:19.525000+00:00,13.23,13.250098,0.001144,6.054688,-20.097871
2026-07-16 14:49:19.523000+00:00,13.24,13.258008,-0.001144,5.019569,-18.008003
2026-07-16 14:50:19.523000+00:00,13.25,13.260156,-0.014877,4.882812,-10.156458
2026-07-16 14:53:19.524000+00:00,13.24,13.265469,-0.019073,4.374981,-25.468979
2026-07-16 14:54:19.524000+00:00,13.25,13.266779,0.005341,4.257774,-16.779293
2026-07-16 15:00:23.524000+00:00,13.26,13.274237,-0.009918,3.261662,-14.236679
2026-07-16 15:04:23.523000+00:00,13.25,13.277958,-0.007248,2.753925,-27.95778
2026-07-16 15:05:23.523000+00:00,13.26,13.278613,-0.019836,2.675724,-18.613408
2026-07-16 15:08:12.523000+00:00,13.27,13.280632,-0.006866,2.441406,-10.631781
2026-07-16 15:08:34.901000+00:00,13.26,13.280827,-0.011063,2.402306,-20.827045
2026-07-16 15:12:34.523000+00:00,13.27,13.283459,-0.004196,2.167988,-13.458783
2026-07-16 15:14:34.524000+00:00,13.26,13.284614,-0.002289,2.128887,-24.614033
2026-07-16 15:15:34.524000+00:00,13.27,13.285243,-0.022888,2.050781,-15.24314
2026-07-16 15:16:34.523000+00:00,13.26,13.285677,-0.014496,2.050781,-25.67738
2026-07-16 15:20:34.523000+00:00,13.27,13.287615,-0.014496,1.855469,-17.615215
2026-07-16 15:21:34.523000+00:00,13.26,13.28817,0.0,1.777363,-28.169725
2026-07-16 15:22:34.523000+00:00,13.27,13.288672,0.003815,1.738358,-18.672129
2026-07-16 15:42:52.523000+00:00,13.28,13.295489,-0.006866,1.093769,-15.488644
2026-07-16 15:53:51.738000+00:00,13.27,13.298288,0.007629,0.8008,-28.287685
2026-07-16 15:59:01.524000+00:00,13.28,13.299395,-0.01564,0.7617,-19.394894
2026-07-16 16:02:01.523000+00:00,13.27,13.300059,0.009918,0.722694,-30.058842
2026-07-16 16:03:01.523000+00:00,13.28,13.300267,-0.006104,0.722694,-20.266786
2026-07-16 16:04:01.524000+00:00,13.27,13.300499,0.001526,0.722599,-30.49928
2026-07-16 16:05:01.524000+00:00,13.28,13.300698,0.003052,0.683594,-20.697599
2026-07-16 16:07:01.523000+00:00,13.27,13.301042,-0.011063,0.683594,-31.041921
2026-07-16 16:07:55.936000+00:00,13.28,13.301194,0.014114,0.683594,-21.193979
2026-07-16 16:11:21.523000+00:00,13.27,13.301829,-0.020981,0.644493,-31.828905
2026-07-16 16:13:21.524000+00:00,13.28,13.30222,-0.0103,0.605488,-22.219911
2026-07-16 16:19:21.524000+00:00,13.27,13.303191,0.0103,0.566387,-33.190549
2026-07-16 16:20:21.523000+00:00,13.28,13.30334,-0.028229,0.546932,-23.340149
2026-07-16 16:23:59.525000+00:00,13.27,13.303934,-0.014496,0.507832,-33.93437
2026-07-16 16:24:59.525000+00:00,13.28,13.304037,-0.001907,0.507832,-24.036776
2026-07-16 16:25:17.727000+00:00,13.27,13.304058,-0.006485,0.507736,-34.058499
2026-07-16 16:27:17.524000+00:00,13.28,13.304402,0.009918,0.507832,-24.402205
2026-07-16 16:30:17.523000+00:00,13.27,13.304883,-0.009918,0.468731,-34.883003
2026-07-16 16:31:17.524000+00:00,13.28,13.304981,-0.000763,0.507832,-24.980755
2026-07-16 16:33:17.523000+00:00,13.27,13.305241,0.006104,0.468731,-35.241267
2026-07-16 16:34:17.524000+00:00,13.28,13.305379,-0.001144,0.468731,-25.378767
2026-07-16 16:36:17.524000+00:00,13.27,13.30586,0.009155,0.488281,-35.859566
2026-07-16 16:37:31.523000+00:00,13.28,13.305773,-0.002289,0.488281,-25.772675
2026-07-16 16:49:48.524000+00:00,13.27,13.307338,-0.007248,0.390625,-37.338306
2026-07-16 16:50:48.523000+00:00,13.28,13.307617,0.008392,0.390625,-27.617188
2026-07-16 16:54:48.524000+00:00,13.27,13.307878,-0.009155,0.390625,-37.877858
2026-07-16 16:55:48.523000+00:00,13.28,13.307924,-0.00267,0.390625,-27.924407
2026-07-16 17:00:02.524000+00:00,13.27,13.30834,-0.0103,0.35162,-38.339977
2026-07-16 17:01:02.524000+00:00,13.28,13.308502,-0.00267,0.390625,-28.501748
2026-07-16 17:03:02.523000+00:00,13.27,13.308736,-0.011063,0.35162,-38.735934
2026-07-16 17:04:02.523000+00:00,13.28,13.308887,-0.002289,0.351524,-28.887005
2026-07-16 17:32:11.523000+00:00,13.27,13.31124,-0.010681,-32.714844,-41.239503
2026-07-16 17:33:11.523000+00:00,13.28,13.311426,0.004959,-32.83205,-31.425686
2026-07-16 17:42:10.750000+00:00,13.09,13.291433,-79.137421,-35.644531,-201.432699
2026-07-16 17:43:12.680000+00:00,12.99,13.074955,-79.953384,-36.386681,-84.954605
2026-07-16 17:45:12.523000+00:00,12.95,12.985879,-80.832291,-37.187481,-35.879135
2026-07-16 17:46:12.523000+00:00,12.93,12.971297,-80.545425,-41.074276,-41.296751
2026-07-16 17:48:12.524000+00:00,12.92,12.953931,-81.333923,6.66008,-33.930855
2026-07-16 17:50:12.525000+00:00,12.9,12.942782,-81.26564,18.652344,-42.782195
2026-07-16 17:50:22.184000+00:00,12.89,12.942019,-81.007385,19.17963,-52.019072
2026-07-16 17:51:21.523000+00:00,12.91,12.94056,-81.243515,22.265625,-30.560023
2026-07-16 17:52:21.523000+00:00,12.9,12.938239,-81.077576,24.081993,-38.238973
2026-07-16 17:52:37.028000+00:00,12.75,12.936065,-101.411438,24.609375,-186.06538
2026-07-16 17:52:38.029000+00:00,12.96,12.932031,-130.10788,24.726486,27.968589
2026-07-16 17:52:40.025000+00:00,13.06,12.937898,-0.065994,24.824238,122.101694
2026-07-16 17:52:52.012000+00:00,12.91,12.967419,-61.68251,25.273418,-57.419165
2026-07-16 17:53:18.981000+00:00,12.76,12.964694,-115.676117,26.113319,-204.694214
2026-07-16 17:53:19.978000+00:00,12.86,12.963613,-95.132065,26.171875,-103.613478
2026-07-16 17:53:20.979000+00:00,13.06,12.963613,-95.132065,26.171875,96.386522
2026-07-16 17:54:15.693000+00:00,13.11,13.104512,-0.467682,27.773476,5.488008
2026-07-16 17:55:15.524000+00:00,13.15,13.169889,-0.013733,28.984356,-19.889482
2026-07-16 17:55:35.826000+00:00,13.16,13.179141,-0.004578,29.433537,-19.140822
2026-07-16 17:57:35.524000+00:00,13.17,13.20722,-0.0103,31.23045,-37.220236
2026-07-16 17:58:35.523000+00:00,13.18,13.216103,-0.004959,16.894531,-36.102635
2026-07-16 17:59:35.523000+00:00,13.19,13.22327,0.000763,10.605431,-33.27028
2026-07-16 18:01:35.524000+00:00,13.2,13.233752,-0.00267,7.40242,-33.752024
2026-07-16 18:02:35.523000+00:00,13.21,13.238121,-0.004196,10.449219,-28.12064
2026-07-16 18:03:35.524000+00:00,13.2,13.242066,-0.001526,28.456974,-42.065668
2026-07-16 18:04:35.524000+00:00,13.21,13.245703,-0.006104,30.957031,-35.703305
2026-07-16 18:07:00.523000+00:00,13.22,13.252637,-0.016785,32.949257,-32.636909
2026-07-16 18:09:19.523000+00:00,13.23,13.258032,-0.011444,33.96492,-28.032441
2026-07-16 18:11:19.524000+00:00,13.24,13.261914,-0.011826,34.433651,-21.914253
2026-07-16 18:12:19.523000+00:00,13.25,13.263654,-0.01297,34.687519,-13.654275
2026-07-16 18:13:09.604000+00:00,13.26,13.265274,2.811813,34.882736,-5.273603
2026-07-16 18:13:19.593000+00:00,13.37,13.271875,17.352676,34.921932,98.124869
2026-07-16 18:13:59.547000+00:00,13.48,13.422302,78.663635,35.273457,57.698107
2026-07-16 18:14:59.523000+00:00,13.49,13.519948,78.655243,35.800743,-29.948133
2026-07-16 18:15:59.523000+00:00,13.5,13.547884,78.701019,36.152363,-47.884337
2026-07-16 18:16:59.524000+00:00,13.53,13.565534,78.768158,36.523438,-35.534019
2026-07-16 18:17:59.524000+00:00,13.54,13.57957,78.775787,36.777306,-39.570484
2026-07-16 18:18:59.523000+00:00,13.56,13.591725,78.798294,13.964844,-31.725477
2026-07-16 18:19:59.523000+00:00,13.57,13.602984,78.800201,10.371113,-32.983738
2026-07-16 18:20:22.108000+00:00,13.58,13.606739,78.796387,9.531212,-26.738504
2026-07-16 18:22:21.523000+00:00,13.59,13.624067,78.8311,6.699276,-34.067059
2026-07-16 18:24:21.524000+00:00,13.6,13.633484,78.835297,5.546856,-33.484066
2026-07-16 18:25:21.523000+00:00,13.61,13.635791,78.820801,5.136776,-25.791222
2026-07-16 18:26:21.523000+00:00,13.59,13.637142,78.829575,4.66795,-47.142128
2026-07-16 18:27:21.524000+00:00,13.6,13.638119,78.822327,4.472637,-38.118744
2026-07-16 18:31:15.150000+00:00,13.61,13.639887,78.848648,3.476524,-29.887386
2026-07-16 18:34:57.523000+00:00,13.6,13.641114,78.853607,2.949142,-41.113663
2026-07-16 18:35:57.523000+00:00,13.61,13.641546,78.856277,2.812481,-31.545704
2026-07-16 18:41:17.903000+00:00,13.62,13.644414,78.852463,2.402306,-24.414139
2026-07-16 18:42:17.524000+00:00,13.61,13.645215,78.841782,2.363205,-35.215034
2026-07-16 18:43:17.522000+00:00,13.62,13.645703,78.852081,2.304745,-25.703316
2026-07-16 18:47:28.524000+00:00,13.63,13.649129,78.849792,2.71492,-19.128767
2026-07-16 18:49:28.524000+00:00,13.62,13.650728,78.8517,3.027344,-30.728139
2026-07-16 18:50:28.523000+00:00,13.61,13.651895,78.853226,3.14455,-41.89476
2026-07-16 18:51:28.523000+00:00,13.63,13.653076,78.836441,3.222656,-23.076291
2026-07-16 18:57:28.523000+00:00,13.64,13.660051,78.850937,3.964806,-20.051346
2026-07-16 18:58:28.524000+00:00,13.65,13.661589,78.842926,4.082012,-11.588669
2026-07-16 18:59:23.555000+00:00,13.64,13.662926,78.868866,4.179668,-22.926327
2026-07-16 19:01:33.524000+00:00,13.65,13.666211,78.837967,4.492188,-16.211128
2026-07-16 19:05:33.523000+00:00,13.66,13.673682,78.835678,5.078125,-13.681815
2026-07-16 19:08:01.523000+00:00,13.65,13.679089,78.823853,5.429745,-29.088783
2026-07-16 19:10:01.523000+00:00,13.67,13.684375,78.842545,5.800724,-14.375191
2026-07-16 19:10:50.567000+00:00,13.68,13.687012,78.839111,5.937481,-7.011898
2026-07-16 19:11:50.523000+00:00,13.67,13.68989,78.865433,6.113243,-19.889852
2026-07-16 19:12:50.524000+00:00,13.68,13.693598,78.846741,6.308651,-13.59827
2026-07-16 19:13:27.786000+00:00,13.67,13.695899,78.843307,6.406307,-25.898608
2026-07-16 19:14:37.525000+00:00,13.68,13.700358,78.845215,6.621075,-20.358232
2026-07-16 19:19:37.525000+00:00,13.69,13.727214,78.841019,8.671856,-37.21374
2026-07-16 19:20:37.524000+00:00,13.7,13.73474,78.850555,9.765625,-34.739812
2026-07-16 19:21:37.523000+00:00,13.71,13.74293,78.855515,10.976601,-32.929935
2026-07-16 19:22:37.523000+00:00,13.72,13.752722,78.855515,12.831974,-32.721564
2026-07-16 19:23:37.525000+00:00,13.74,13.763503,78.842926,15.214825,-23.50282
2026-07-16 19:24:37.523000+00:00,13.75,13.774798,78.84407,18.359375,-24.798097
2026-07-16 19:25:34.572000+00:00,13.78,13.788737,78.845596,22.343731,-8.737138
2026-07-16 19:27:31.941000+00:00,13.81,13.827103,78.843689,37.089825,-17.103043
2026-07-16 19:28:41.524000+00:00,13.83,13.858438,78.853607,43.632793,-28.437697
2026-07-16 19:29:06.280000+00:00,13.88,13.872949,78.855515,44.746113,7.050622
2026-07-16 19:30:05.523000+00:00,13.87,13.910781,78.843307,46.347713,-40.781415
2026-07-16 19:31:04.135000+00:00,13.98,13.963828,78.850174,49.316406,16.171722
2026-07-16 19:32:03.523000+00:00,13.97,14.029251,78.849792,49.804688,-59.25148
2026-07-16 19:32:16.056000+00:00,14.08,14.050391,78.846359,49.589825,29.609216
2026-07-16 19:33:15.524000+00:00,14.14,14.142429,70.436096,50.136757,-2.428557
2026-07-16 19:33:41.953000+00:00,14.19,14.175944,65.892029,49.628925,14.055862
2026-07-16 19:35:41.523000+00:00,14.23,14.256315,55.72052,43.652344,-26.3152
2026-07-16 19:36:10.775000+00:00,14.29,14.276791,50.951767,40.859413,13.209476
2026-07-16 19:36:54.874000+00:00,14.28,14.310332,48.149109,35.273457,-30.332266
2026-07-16 19:37:54.522000+00:00,14.31,14.332516,44.507217,27.929688,-22.516407
2026-07-16 19:38:54.523000+00:00,14.32,14.362328,40.826797,23.124981,-42.328377
2026-07-16 19:39:54.524000+00:00,14.34,14.374287,39.76326,19.355488,-34.286505
2026-07-16 19:40:54.524000+00:00,14.35,14.377902,36.322021,19.53125,-27.901997
2026-07-16 19:41:30.399000+00:00,14.39,14.394108,35.16655,17.773438,-4.108327
2026-07-16 19:42:29.523000+00:00,14.4,14.410638,34.094238,18.359375,-10.637719
2026-07-16 19:44:29.523000+00:00,14.42,14.43449,29.887009,19.023418,-14.489743
2026-07-16 19:46:29.523000+00:00,14.44,14.457168,24.407959,1.738262,-17.168134
2026-07-16 19:47:29.523000+00:00,14.48,14.489525,19.25354,-10.91795,-9.524968
2026-07-16 19:47:40.959000+00:00,14.5,14.494948,18.333054,-12.831974,5.051867
2026-07-16 19:48:40.524000+00:00,14.51,14.527448,13.240814,-20.351601,-17.448114
2026-07-16 19:49:40.524000+00:00,14.53,14.547337,9.286499,-25.42963,-17.337468
2026-07-16 19:50:40.524000+00:00,14.54,14.57487,6.740952,-32.441425,-34.870046
2026-07-16 19:51:30.683000+00:00,14.39,14.518867,-0.008011,-36.503887,-128.867397
2026-07-16 19:52:27.619000+00:00,14.29,14.358359,-0.009537,-40.781212,-68.359496
2026-07-16 19:53:27.524000+00:00,14.24,14.268145,-0.011826,-44.960976,-28.144671
2026-07-16 19:54:06.500000+00:00,14.18,14.230873,-0.012589,-47.187424,-50.872536
2026-07-16 19:56:06.523000+00:00,14.12,14.134811,-0.009155,-43.73045,-14.811401
2026-07-16 19:56:38.316000+00:00,14.08,14.113627,-0.009537,-33.808517,-33.626512
2026-07-16 19:57:37.523000+00:00,14.07,14.101022,-0.010681,-24.140549,-31.022339
2026-07-16 19:58:37.523000+00:00,14.06,14.090176,-0.001144,-18.417931,-30.175915
2026-07-16 19:59:37.524000+00:00,14.05,14.08078,-0.007248,-15.039062,-30.780029
2026-07-16 20:00:37.524000+00:00,14.04,14.073287,-0.004959,-11.503887,-33.287414
2026-07-16 20:01:37.522000+00:00,14.03,14.066527,-0.008774,-8.105469,-36.526633
2026-07-16 20:03:37.523000+00:00,14.02,14.05493,-0.008774,-7.03125,-34.929506
2026-07-16 20:05:41.523000+00:00,14.01,14.045787,-0.005722,-6.445312,-35.786994
2026-07-16 20:06:41.524000+00:00,14.0,14.041509,-0.009155,-6.210899,-41.509227
2026-07-16 20:07:41.524000+00:00,14.02,14.038184,-0.007248,-5.937576,-18.183795
2026-07-16 20:09:10.523000+00:00,14.0,14.033301,-0.007248,-5.644512,-33.300996
2026-07-16 20:15:10.523000+00:00,13.99,14.018525,-0.006866,-4.843712,-28.524757
2026-07-16 20:19:47.693000+00:00,13.97,14.009896,-0.015259,-4.33588,-39.89604
2026-07-16 20:21:47.524000+00:00,13.98,14.006804,-0.001907,-4.121113,-26.803619
2026-07-16 20:23:14.525000+00:00,13.97,14.00459,-0.003815,-4.023457,-34.590034
2026-07-16 20:31:14.523000+00:00,13.96,13.994797,-0.005341,-3.242207,-34.796549
2026-07-16 20:32:14.524000+00:00,13.97,13.993692,-0.009918,-3.242207,-23.691635
2026-07-16 20:33:14.525000+00:00,13.96,13.992774,0.000381,-3.203106,-32.773533
2026-07-16 20:38:19.523000+00:00,13.95,13.987934,-0.001526,-2.910137,-37.934219
2026-07-16 20:40:19.523000+00:00,13.96,13.986217,-0.007629,-2.793026,-26.216681
2026-07-16 20:41:19.524000+00:00,13.95,13.985442,-0.002289,-2.71492,-35.441868
2026-07-16 20:44:19.524000+00:00,13.94,13.983333,-0.006104,-2.441406,-43.333429
2026-07-16 20:45:19.524000+00:00,13.95,13.982471,0.013733,-2.3633,-32.47087
2026-07-16 20:49:19.523000+00:00,13.94,13.979805,-0.008011,-2.206993,-39.804993
2026-07-16 20:50:19.524000+00:00,13.93,13.979167,-0.011063,-2.207088,-49.166905
2026-07-16 20:51:19.523000+00:00,13.94,13.978535,-0.004196,-2.167988,-38.535271
2026-07-16 20:53:03.523000+00:00,13.93,13.977539,-0.008774,-2.050781,-47.539182
2026-07-16 20:54:03.523000+00:00,13.94,13.976926,-0.009537,-1.972675,-36.925577
2026-07-16 20:55:03.523000+00:00,13.93,13.976348,0.004196,-1.972675,-46.347733
2026-07-16 20:57:03.526000+00:00,13.94,13.975039,-0.006485,-1.953125,-35.039482
2026-07-16 20:59:03.524000+00:00,13.93,13.974132,-0.002289,-1.91412,-44.13222
2026-07-16 21:01:03.524000+00:00,13.92,13.972852,-0.008392,-1.953125,-52.851753
2026-07-16 21:03:03.523000+00:00,13.93,13.972017,-0.017929,-1.914024,-42.017375
2026-07-16 21:07:45.393000+00:00,13.92,13.969602,-0.023651,-1.679707,-49.602325
2026-07-16 21:09:45.524000+00:00,13.93,13.968652,0.00267,-1.640606,-38.652368
2026-07-16 21:12:45.523000+00:00,13.92,13.967305,-0.009918,-1.601505,-47.304993
2026-07-16 21:14:45.524000+00:00,13.93,13.966421,-0.010681,-1.484299,-36.420514
2026-07-16 21:15:45.523000+00:00,13.92,13.965972,-0.009537,-1.484394,-45.972371
2026-07-16 21:18:45.524000+00:00,13.93,13.964634,-0.018311,-1.367188,-34.633501
2026-07-16 21:19:45.523000+00:00,13.92,13.964317,0.012589,-1.367188,-44.31675
2026-07-16 21:29:12.523000+00:00,13.91,13.960439,-0.009537,-1.367188,-50.438728
2026-07-16 21:30:12.524000+00:00,13.92,13.960098,-0.007248,-1.328182,-40.09779
2026-07-16 21:37:16.523000+00:00,13.91,13.95739,-0.005341,-1.328087,-47.389673
2026-07-16 21:42:26.524000+00:00,13.92,13.955502,-0.012589,-1.289082,-35.501715
2026-07-16 21:44:26.523000+00:00,13.91,13.954863,0.004578,-1.288986,-44.863358
2026-07-16 21:45:26.525000+00:00,13.92,13.954551,-0.009537,-1.289082,-34.551125
2026-07-16 21:46:26.523000+00:00,13.91,13.954053,-0.021362,-1.289082,-44.052687
2026-07-16 21:50:28.524000+00:00,13.92,13.952763,-0.015259,-1.289082,-32.762604
2026-07-16 21:51:28.524000+00:00,13.91,13.9524,-0.004578,-1.289082,-42.399799
2026-07-16 21:53:28.524000+00:00,13.9,13.951739,-0.010681,-1.249981,-51.738644
2026-07-16 21:55:28.524000+00:00,13.91,13.951074,-0.004196,-1.210976,-41.074243
2026-07-16 21:56:28.523000+00:00,13.9,13.950782,-0.008774,-1.171875,-50.781584
2026-07-16 21:58:28.523000+00:00,13.91,13.950109,-0.004959,-1.132774,-40.108528
2026-07-16 22:03:28.523000+00:00,13.9,13.948487,-0.011444,-1.093769,-48.486567
2026-07-16 22:05:28.523000+00:00,13.91,13.947852,-0.001144,-1.093674,-37.851896
2026-07-16 22:06:28.523000+00:00,13.9,13.947657,-0.016785,-1.093769,-47.656631
2026-07-16 22:09:05.523000+00:00,13.91,13.946745,0.001526,-1.093769,-36.745237
2026-07-16 22:10:46.524000+00:00,13.9,13.946307,-0.008774,-1.054668,-46.306836
2026-07-16 22:11:46.524000+00:00,13.89,13.945996,-0.009155,-1.054764,-55.996284
2026-07-16 22:12:46.523000+00:00,13.9,13.945725,-0.011826,-1.054668,-45.725229
2026-07-16 22:14:46.523000+00:00,13.89,13.945057,-0.024033,-1.015568,-55.057209
2026-07-16 22:15:46.524000+00:00,13.9,13.944816,-0.004578,-1.015663,-44.815722
2026-07-16 22:16:46.524000+00:00,13.89,13.94458,-0.012589,-1.015663,-54.580317
2026-07-16 22:18:46.524000+00:00,13.9,13.943848,-0.001907,-1.054668,-43.848133
2026-07-16 22:19:46.524000+00:00,13.89,13.943587,-0.00267,-1.015663,-53.587462
2026-07-16 22:20:46.523000+00:00,13.9,13.943273,-0.008774,-1.015663,-43.272591
2026-07-16 22:21:46.523000+00:00,13.89,13.943012,-0.022507,-1.015568,-53.012449
2026-07-16 22:25:09.523000+00:00,13.9,13.942051,-0.008011,-0.937462,-42.051029
2026-07-16 22:26:09.523000+00:00,13.89,13.941797,-0.013351,-0.976562,-51.797256
2026-07-16 22:27:09.524000+00:00,13.9,13.941504,-0.017929,-1.015568,-41.504002
2026-07-16 22:28:09.523000+00:00,13.89,13.941211,-0.017548,-1.015663,-51.210985
2026-07-16 22:31:09.522000+00:00,13.9,13.940234,-0.008011,-1.015568,-40.234423
2026-07-16 22:32:09.523000+00:00,13.89,13.940072,-0.017548,-1.015663,-50.071901
2026-07-16 22:33:09.523000+00:00,13.9,13.939812,0.001526,-1.015663,-39.811548
2026-07-16 22:34:09.523000+00:00,13.89,13.939486,-0.016403,-0.976562,-49.485709
2026-07-16 23:20:13.524000+00:00,13.88,13.927442,-0.004578,-0.878906,-47.441597
2026-07-16 23:21:13.524000+00:00,13.89,13.927205,-0.010681,-0.878906,-37.204677
2026-07-16 23:46:14.523000+00:00,13.88,13.921268,-0.010681,-0.820351,-41.267721
2026-07-16 23:47:14.523000+00:00,13.89,13.920898,-0.014496,-0.859451,-30.898437
2026-07-16 23:49:14.524000+00:00,13.88,13.920528,-0.011444,-0.820351,-40.527649
2026-07-16 23:50:14.523000+00:00,13.89,13.920248,-0.006104,-0.820351,-30.247714
