time_utc,voltage,current,power
2026-07-16 17:38:01.747000+00:00,13.311719,-0.00267,-0.852051
2026-07-16 17:38:03.736000+00:00,13.311914,-0.010681,-0.906982
2026-07-16 17:38:05.741000+00:00,13.311719,-0.014114,-0.806885
2026-07-16 17:38:07.741000+00:00,13.311914,-0.007248,-0.739746
2026-07-16 17:38:09.757000+00:00,13.311719,-0.004578,-0.836182
2026-07-16 17:38:11.745000+00:00,13.311719,-0.010681,-0.488281
2026-07-16 17:38:13.745000+00:00,13.311719,-0.00267,-0.488281
2026-07-16 17:38:15.760000+00:00,13.311719,-0.003433,-0.687256
2026-07-16 17:38:17.752000+00:00,13.311719,0.008392,-0.71167
2026-07-16 17:38:19.752000+00:00,13.311914,-0.009155,-0.887451
2026-07-16 17:38:21.753000+00:00,13.311719,-0.003052,-0.887451
2026-07-16 17:38:23.753000+00:00,13.311719,-0.011444,-0.820312
2026-07-16 17:38:25.754000+00:00,13.311719,-0.004578,-0.820312
2026-07-16 17:38:27.757000+00:00,13.311914,0.005341,0.961914
2026-07-16 17:38:29.762000+00:00,13.311719,-0.009155,-0.406494
2026-07-16 17:38:31.763000+00:00,13.311914,-0.000381,-0.877686
2026-07-16 17:38:33.766000+00:00,13.311914,0.008011,0.834961
2026-07-16 17:38:35.768000+00:00,13.311719,-0.001526,-0.849609
2026-07-16 17:38:37.772000+00:00,13.311914,-0.005722,-0.849609
2026-07-16 17:38:39.772000+00:00,13.311914,0.0,0.888672
2026-07-16 17:38:41.786000+00:00,13.311914,-0.006104,-0.844727
2026-07-16 17:38:43.772000+00:00,13.311914,-0.013733,-0.744629
2026-07-16 17:38:45.787000+00:00,13.311914,-0.014114,-0.76416
2026-07-16 17:38:47.774000+00:00,13.311719,0.003815,0.849609
2026-07-16 17:38:49.774000+00:00,13.311914,-0.000763,-0.737305
2026-07-16 17:38:51.789000+00:00,13.311914,0.003815,0.704346
2026-07-16 17:38:53.774000+00:00,13.311914,0.005341,0.662842
2026-07-16 17:38:55.790000+00:00,13.311719,-0.001526,-1.049805
2026-07-16 17:38:57.777000+00:00,13.311914,0.008392,-1.049805
2026-07-16 17:38:59.778000+00:00,13.311914,-0.008392,-0.855713
2026-07-16 17:39:01.778000+00:00,13.311719,-0.020218,-0.855713
2026-07-16 17:39:03.780000+00:00,13.311914,0.004578,-0.876465
2026-07-16 17:39:05.793000+00:00,13.311914,-0.012589,-0.780029
2026-07-16 17:39:07.786000+00:00,13.311914,0.004196,0.878906
2026-07-16 17:39:09.788000+00:00,13.311914,-0.005341,-0.878906
2026-07-16 17:39:11.789000+00:00,13.311914,-0.006485,-0.965576
2026-07-16 17:39:13.803000+00:00,13.311914,0.002289,0.706787
2026-07-16 17:39:15.791000+00:00,13.311914,-0.001144,-0.732422
2026-07-16 17:39:17.806000+00:00,13.311914,-0.025177,-0.999756
2026-07-16 17:39:19.797000+00:00,13.311914,-0.009155,-0.878906
2026-07-16 17:39:23.798000+00:00,13.311914,-0.014877,-0.550537
2026-07-16 17:39:25.799000+00:00,13.311914,0.000763,-0.845947
2026-07-16 17:39:27.799000+00:00,13.311914,-0.001907,0.905762
2026-07-16 17:39:29.809000+00:00,13.311914,-0.011826,-0.883789
2026-07-16 17:39:31.801000+00:00,13.311914,-0.000763,-0.883789
2026-07-16 17:39:33.806000+00:00,13.311914,-0.002289,-0.915527
2026-07-16 17:39:35.808000+00:00,13.311914,-0.011063,-0.720215
2026-07-16 17:39:37.810000+00:00,13.311914,0.001907,-0.631104
2026-07-16 17:39:39.814000+00:00,13.311914,-0.022125,0.769043
2026-07-16 17:39:41.815000+00:00,13.311914,-0.012589,-0.844727
2026-07-16 17:39:43.813000+00:00,13.311914,-0.001907,-0.718994
2026-07-16 17:39:45.816000+00:00,13.311914,-0.009537,-0.718994
2026-07-16 17:39:47.816000+00:00,13.311914,-0.006866,-0.577393
2026-07-16 17:39:49.816000+00:00,13.311914,0.004578,-0.987549
2026-07-16 17:39:51.817000+00:00,13.311914,-0.014877,0.820312
2026-07-16 17:39:53.818000+00:00,13.311914,-0.003433,-0.743408
2026-07-16 17:39:55.819000+00:00,13.311914,-0.00267,-0.865479
2026-07-16 17:39:57.821000+00:00,13.311914,-0.016785,-0.86792
2026-07-16 17:39:59.826000+00:00,13.311914,-0.003052,-0.705566
2026-07-16 17:40:01.826000+00:00,13.311914,-0.019836,-0.812988
2026-07-16 17:40:03.827000+00:00,13.311914,-0.009155,-0.714111
2026-07-16 17:40:05.829000+00:00,13.311914,0.001526,-0.714111
2026-07-16 17:40:07.836000+00:00,13.311914,0.004959,0.760498
2026-07-16 17:40:09.839000+00:00,13.311914,-0.007629,0.996094
2026-07-16 17:40:11.840000+00:00,13.311914,-0.006866,-0.654297
2026-07-16 17:40:13.840000+00:00,13.311914,-0.007629,-0.697021
2026-07-16 17:40:15.840000+00:00,13.311914,-0.016403,-0.50415
2026-07-16 17:40:17.840000+00:00,13.311914,-0.002289,-0.726318
2026-07-16 17:40:19.844000+00:00,13.311914,0.009155,-1.066895
2026-07-16 17:40:21.846000+00:00,13.31211,-0.014496,-0.737305
2026-07-16 17:40:23.850000+00:00,13.311914,0.000763,0.870361
2026-07-16 17:40:25.852000+00:00,13.311914,-0.004959,-0.574951
2026-07-16 17:40:27.853000+00:00,13.311914,-0.007629,-0.574951
2026-07-16 17:40:31.858000+00:00,13.31211,0.008774,0.866699
2026-07-16 17:40:33.857000+00:00,13.311914,0.001144,0.841064
2026-07-16 17:40:35.853000+00:00,13.311914,0.000381,0.704346
2026-07-16 17:40:37.867000+00:00,13.311914,-0.007248,-0.595703
2026-07-16 17:40:39.869000+00:00,13.311914,-0.011826,-0.861816
2026-07-16 17:40:41.857000+00:00,13.311914,-0.005341,-0.802002
2026-07-16 17:40:43.858000+00:00,13.311914,-0.00267,-0.802002
2026-07-16 17:40:45.860000+00:00,13.311914,-0.005722,-0.836182
2026-07-16 17:40:47.874000+00:00,13.311914,-0.013733,-0.853271
2026-07-16 17:40:49.861000+00:00,13.311914,-0.004959,-0.760498
2026-07-16 17:40:51.865000+00:00,13.311914,-0.003433,-0.726318
2026-07-16 17:40:53.864000+00:00,13.311914,-0.008392,-0.726318
2026-07-16 17:40:55.867000+00:00,13.311914,-0.01297,-0.784912
2026-07-16 17:40:57.870000+00:00,13.311914,0.000381,0.748291
2026-07-16 17:40:59.869000+00:00,13.311914,-0.009155,-0.964355
2026-07-16 17:41:01.873000+00:00,13.31211,-0.017929,-0.599365
2026-07-16 17:41:03.875000+00:00,13.311914,-0.01297,-0.708008
2026-07-16 17:41:05.879000+00:00,13.311914,0.000763,-0.708008
2026-07-16 17:41:07.880000+00:00,13.311914,-0.004578,-0.88623
2026-07-16 17:41:09.878000+00:00,13.31211,-0.01564,-0.88623
2026-07-16 17:41:11.885000+00:00,13.311914,-0.012207,-0.870361
2026-07-16 17:41:13.877000+00:00,13.311914,-0.003815,-0.715332
2026-07-16 17:41:15.891000+00:00,13.311914,0.004196,0.632324
2026-07-16 17:41:17.890000+00:00,13.311914,0.007248,0.775146
2026-07-16 17:41:19.890000+00:00,13.311914,-0.006104,-0.775146
2026-07-16 17:41:21.889000+00:00,13.311914,-0.004578,-0.775146
2026-07-16 17:41:23.897000+00:00,13.311914,0.003052,0.732422
2026-07-16 17:41:25.885000+00:00,13.31211,-0.006104,-0.548096
2026-07-16 17:41:27.888000+00:00,13.311914,-0.003433,-0.792236
2026-07-16 17:41:29.903000+00:00,13.311914,-0.017166,-0.88501
2026-07-16 17:41:31.890000+00:00,13.31211,-0.005341,-0.914307
2026-07-16 17:41:33.891000+00:00,13.311914,0.003815,-0.914307
2026-07-16 17:41:35.892000+00:00,13.311914,-0.007248,0.891113
2026-07-16 17:41:37.894000+00:00,13.311914,-0.003815,-0.921631
2026-07-16 17:41:39.898000+00:00,13.31211,-0.008392,-0.921631
2026-07-16 17:41:41.900000+00:00,13.311914,-0.007248,-0.736084
2026-07-16 17:41:43.903000+00:00,13.311914,-0.001907,-0.769043
2026-07-16 17:41:45.908000+00:00,13.31211,0.008011,0.836182
2026-07-16 17:41:47.907000+00:00,13.311914,-0.009918,0.836182
2026-07-16 17:41:49.906000+00:00,13.311914,-0.006485,-0.942383
2026-07-16 17:41:51.905000+00:00,13.31211,-0.012207,-0.528564
2026-07-16 17:41:53.901000+00:00,13.31211,-0.002289,-0.598145
2026-07-16 17:41:55.902000+00:00,13.31211,-0.008774,-0.598145
2026-07-16 17:41:57.903000+00:00,13.31211,-0.016022,-0.825195
2026-07-16 17:41:59.934000+00:00,13.311914,-0.009155,-0.262451
2026-07-16 17:42:01.910000+00:00,13.311914,-0.010681,-0.262451
2026-07-16 17:42:03.919000+00:00,13.311914,-0.041199,-0.562744
2026-07-16 17:42:05.920000+00:00,13.310742,-0.403214,-0.562744
2026-07-16 17:42:07.919000+00:00,13.171094,-70.827484,-5.339355
2026-07-16 17:42:09.936000+00:00,13.145508,-79.137421,-932.932129
2026-07-16 17:42:11.927000+00:00,13.137891,-79.103088,-1040.639648
2026-07-16 17:42:13.838000+00:00,13.131055,-79.395294,-1039.603271
2026-07-16 17:42:15.839000+00:00,13.121485,-79.611588,-1042.875977
2026-07-16 17:42:17.933000+00:00,13.116992,-79.450607,-1042.503662
2026-07-16 17:42:19.841000+00:00,13.112696,-79.423523,-1042.503662
2026-07-16 17:42:21.914000+00:00,13.109375,-79.582596,-1041.789551
2026-07-16 17:42:23.920000+00:00,13.102344,-79.432297,-1043.637695
2026-07-16 17:42:25.929000+00:00,13.099024,-79.38385,-1040.192871
2026-07-16 17:42:27.918000+00:00,13.095899,-79.549789,-1040.192871
2026-07-16 17:42:29.844000+00:00,13.092969,-79.592133,-1042.128906
2026-07-16 17:42:31.924000+00:00,13.087501,-79.426956,-1042.437744
2026-07-16 17:42:33.922000+00:00,13.085352,-79.77066,-1039.836426
2026-07-16 17:42:35.932000+00:00,13.081641,-80.207062,-1044.174805
2026-07-16 17:42:37.930000+00:00,13.076367,-79.994965,-1049.58374
2026-07-16 17:42:39.867000+00:00,13.074414,-80.152893,-1046.394043
2026-07-16 17:42:41.937000+00:00,13.072461,-80.158997,-1048.309326
2026-07-16 17:42:43.934000+00:00,13.069727,-79.986954,-1048.220215
2026-07-16 17:42:45.937000+00:00,13.066016,-80.119324,-1045.761719
2026-07-16 17:42:47.875000+00:00,13.063477,-80.13649,-1047.192383
2026-07-16 17:42:49.890000+00:00,13.061328,-79.936218,-1047.211914
2026-07-16 17:42:51.940000+00:00,13.05957,-79.934692,-1044.42749
2026-07-16 17:42:53.953000+00:00,13.05586,-80.070496,-1044.251709
2026-07-16 17:42:55.938000+00:00,13.053711,-79.880142,-1045.74585
2026-07-16 17:42:57.951000+00:00,13.052539,-79.880524,-1043.078613
2026-07-16 17:42:59.891000+00:00,13.050781,-80.012512,-1042.988281
2026-07-16 17:43:01.941000+00:00,13.047266,-79.821014,-1044.56543
2026-07-16 17:43:03.942000+00:00,13.045313,-79.8172,-1041.777344
2026-07-16 17:43:05.935000+00:00,13.044336,-79.995346,-1041.593018
2026-07-16 17:43:07.940000+00:00,13.04082,-79.781723,-1043.825684
2026-07-16 17:43:09.900000+00:00,13.039844,-79.801941,-1040.766602
2026-07-16 17:43:11.942000+00:00,13.038477,-79.953384,-1040.957031
2026-07-16 17:43:13.900000+00:00,13.037109,-79.924011,-1042.807617
2026-07-16 17:43:15.902000+00:00,13.03418,-79.753494,-1042.327881
2026-07-16 17:43:17.911000+00:00,13.033203,-79.920959,-1039.868164
2026-07-16 17:43:19.899000+00:00,13.031837,-79.874039,-1041.962891
2026-07-16 17:43:21.953000+00:00,13.030469,-79.722595,-1041.264648
2026-07-16 17:43:23.954000+00:00,13.02793,-80.089188,-1039.150391
2026-07-16 17:43:25.948000+00:00,13.025977,-80.428696,-1043.723145
2026-07-16 17:43:27.955000+00:00,13.025001,-80.277252,-1048.017578
2026-07-16 17:43:29.913000+00:00,13.024024,-80.291367,-1045.949707
2026-07-16 17:43:31.968000+00:00,13.022265,-80.402756,-1046.077881
2026-07-16 17:43:33.971000+00:00,13.020508,-80.229568,-1047.384033
2026-07-16 17:43:35.974000+00:00,13.019727,-80.275726,-1044.962158
2026-07-16 17:43:37.973000+00:00,13.017578,-80.380249,-1045.532227
2026-07-16 17:43:39.935000+00:00,13.016602,-80.232239,-1046.713867
2026-07-16 17:43:41.972000+00:00,13.015821,-80.256271,-1044.676514
2026-07-16 17:43:43.973000+00:00,13.015039,-80.427551,-1044.958496
2026-07-16 17:43:45.977000+00:00,13.012695,-80.162811,-1047.091064
2026-07-16 17:43:47.945000+00:00,13.011914,-80.208588,-1043.457031
2026-07-16 17:43:49.949000+00:00,13.011133,-80.381775,-1044.036865
2026-07-16 17:43:51.984000+00:00,13.010157,-80.308914,-1046.188965
2026-07-16 17:43:53.987000+00:00,13.008008,-80.514908,-1045.194092
2026-07-16 17:43:55.986000+00:00,13.006446,-81.011963,-1047.700195
2026-07-16 17:43:57.991000+00:00,13.005469,-80.90477,-1054.000244
2026-07-16 17:43:59.959000+00:00,13.004493,-80.779266,-1052.574463
2026-07-16 17:44:01.995000+00:00,13.002734,-80.997086,-1050.823975
2026-07-16 17:44:03.991000+00:00,13.002149,-80.89447,-1053.518066
2026-07-16 17:44:06+00:00,13.001563,-80.756378,-1052.163086
2026-07-16 17:44:07.994000+00:00,13.000196,-80.99556,-1050.284424
2026-07-16 17:44:09.968000+00:00,12.998438,-80.885315,-1053.203125
2026-07-16 17:44:12+00:00,12.997461,-80.734634,-1051.743164
2026-07-16 17:44:13.968000+00:00,12.99668,-80.833817,-1049.675293
2026-07-16 17:44:15.979000+00:00,12.995508,-80.868149,-1050.936279
2026-07-16 17:44:17.975000+00:00,12.994727,-80.723572,-1051.293945
2026-07-16 17:44:19.976000+00:00,12.993945,-80.786514,-1049.299316
2026-07-16 17:44:22.028000+00:00,12.993164,-80.953598,-1050.10498
2026-07-16 17:44:24.020000+00:00,12.991602,-80.703354,-1052.165527
2026-07-16 17:44:26.025000+00:00,12.991211,-80.828476,-1048.791504
2026-07-16 17:44:28.021000+00:00,12.990625,-80.944061,-1050.428467
2026-07-16 17:44:29.974000+00:00,12.99043,-80.816269,-1051.848145
2026-07-16 17:44:32.032000+00:00,12.988868,-80.810165,-1050.206299
2026-07-16 17:44:34.048000+00:00,12.988672,-80.924225,-1050.015869
2026-07-16 17:44:36.032000+00:00,12.987696,-80.805588,-1051.427002
2026-07-16 17:44:38.032000+00:00,12.987109,-80.789185,-1049.854736
2026-07-16 17:44:39.998000+00:00,12.986524,-80.918884,-1049.573975
2026-07-16 17:44:42.033000+00:00,12.985743,-80.778122,-1051.184082
2026-07-16 17:44:44.026000+00:00,12.985156,-80.654907,-1049.343262
2026-07-16 17:44:46.033000+00:00,12.984375,-80.901337,-1047.645264
2026-07-16 17:44:47.999000+00:00,12.983789,-80.738068,-1050.769043
2026-07-16 17:44:50.001000+00:00,12.983008,-80.648422,-1048.653564
2026-07-16 17:44:52.027000+00:00,12.982813,-80.772781,-1047.37915
2026-07-16 17:44:54.035000+00:00,12.981836,-80.710602,-1049.02832
2026-07-16 17:44:56.026000+00:00,12.98125,-80.638504,-1048.140869
2026-07-16 17:44:58.032000+00:00,12.980664,-80.771255,-1047.105713
2026-07-16 17:45:00+00:00,12.980469,-80.857086,-1048.83667
2026-07-16 17:45:02.033000+00:00,12.979102,-80.630875,-1049.890137
2026-07-16 17:45:04.032000+00:00,12.979297,-80.791473,-1046.842041
2026-07-16 17:45:06.033000+00:00,12.978907,-80.834198,-1048.980713
2026-07-16 17:45:08.033000+00:00,12.978516,-80.725098,-1049.462891
2026-07-16 17:45:09.998000+00:00,12.977539,-80.764008,-1048.059082
2026-07-16 17:45:12.037000+00:00,12.977149,-80.832291,-1048.486328
2026-07-16 17:45:14.006000+00:00,12.976562,-80.69191,-1049.30542
2026-07-16 17:45:16.012000+00:00,12.975977,-80.731201,-1047.459717
2026-07-16 17:45:18.013000+00:00,12.975977,-80.806732,-1047.918701
2026-07-16 17:45:20.013000+00:00,12.97539,-80.643082,-1048.878174
2026-07-16 17:45:22.068000+00:00,12.974805,-80.565262,-1046.73584
2026-07-16 17:45:24.067000+00:00,12.974219,-80.800629,-1045.646973
2026-07-16 17:45:26.067000+00:00,12.974024,-80.648804,-1048.657227
2026-07-16 17:45:28.071000+00:00,12.973047,-80.581284,-1046.689453
2026-07-16 17:45:30.027000+00:00,12.973828,-80.736542,-1045.723877
2026-07-16 17:45:32.081000+00:00,12.972852,-80.624771,-1047.814941
2026-07-16 17:45:34.084000+00:00,12.972656,-80.565643,-1046.28418
2026-07-16 17:45:36.085000+00:00,12.972656,-80.731583,-1045.48584
2026-07-16 17:45:38.100000+00:00,12.972461,-80.765915,-1047.667236
2026-07-16 17:45:40.048000+00:00,12.971875,-80.567932,-1048.061523
2026-07-16 17:45:42.084000+00:00,12.971875,-80.757141,-1045.450439
2026-07-16 17:45:44.085000+00:00,12.97168,-80.775833,-1047.932129
2026-07-16 17:45:46.079000+00:00,12.970899,-80.587006,-1048.135986
2026-07-16 17:45:48.048000+00:00,12.970899,-80.737686,-1045.632324
2026-07-16 17:45:50.054000+00:00,12.970508,-80.760193,-1047.587891
2026-07-16 17:45:52.082000+00:00,12.969727,-80.587006,-1047.851562
2026-07-16 17:45:54.085000+00:00,12.971094,-80.754471,-1045.546875
2026-07-16 17:45:56.090000+00:00,12.969922,-80.745316,-1047.811279
2026-07-16 17:45:58.094000+00:00,12.969337,-80.582047,-1047.607422
2026-07-16 17:46:00.066000+00:00,12.968946,-80.561066,-1045.438232
2026-07-16 17:46:02.100000+00:00,12.968164,-80.731201,-1045.13916
2026-07-16 17:46:04.107000+00:00,12.967969,-80.562973,-1047.276611
2026-07-16 17:46:06.110000+00:00,12.967578,-80.568314,-1045.08667
2026-07-16 17:46:08.110000+00:00,12.967383,-80.747604,-1045.117188
2026-07-16 17:46:10.079000+00:00,12.966601,-80.543518,-1047.424316
2026-07-16 17:46:12.111000+00:00,12.966211,-80.545425,-1044.710693
2026-07-16 17:46:14.078000+00:00,12.966211,-80.70488,-1044.720459
2026-07-16 17:46:16.085000+00:00,12.96543,-80.514908,-1046.774902
2026-07-16 17:46:18.085000+00:00,12.964844,-80.537796,-1044.238281
2026-07-16 17:46:20.084000+00:00,12.965039,-80.723572,-1044.519043
2026-07-16 17:46:22.132000+00:00,12.964648,-80.835724,-1046.915283
2026-07-16 17:46:24.131000+00:00,12.963086,-81.229019,-1048.361816
2026-07-16 17:46:26.134000+00:00,12.962695,-81.41861,-1053.331299
2026-07-16 17:46:28.143000+00:00,12.962305,-81.388855,-1055.744629
2026-07-16 17:46:30.108000+00:00,12.961914,-81.206512,-1055.3479
2026-07-16 17:46:32.154000+00:00,12.961914,-81.415558,-1052.922363
2026-07-16 17:46:34.141000+00:00,12.961329,-81.356049,-1055.635986
2026-07-16 17:46:36.144000+00:00,12.960938,-81.176376,-1054.848633
2026-07-16 17:46:38.144000+00:00,12.960742,-81.241989,-1052.449951
2026-07-16 17:46:40.124000+00:00,12.960547,-81.345749,-1053.320312
2026-07-16 17:46:42.144000+00:00,12.959961,-81.16684,-1054.659424
2026-07-16 17:46:44.156000+00:00,12.960547,-81.248856,-1052.252197
2026-07-16 17:46:46.145000+00:00,12.959961,-81.308746,-1053.388672
2026-07-16 17:46:48.134000+00:00,12.959375,-81.175232,-1054.124756
2026-07-16 17:46:50.133000+00:00,12.959375,-81.236649,-1052.30957
2026-07-16 17:46:52.154000+00:00,12.959375,-81.40831,-1053.148193
2026-07-16 17:46:54.156000+00:00,12.958789,-81.142044,-1055.328369
2026-07-16 17:46:56.154000+00:00,12.958594,-81.256485,-1051.824951
2026-07-16 17:46:58.158000+00:00,12.958594,-81.402588,-1053.334961
2026-07-16 17:47:00.145000+00:00,12.958008,-81.302261,-1055.186768
2026-07-16 17:47:02.159000+00:00,12.958008,-81.275177,-1053.885498
2026-07-16 17:47:04.174000+00:00,12.957812,-81.422043,-1053.544922
2026-07-16 17:47:06.160000+00:00,12.957812,-81.294632,-1055.373535
2026-07-16 17:47:08.160000+00:00,12.957227,-81.177139,-1053.764648
2026-07-16 17:47:10.147000+00:00,12.957031,-81.408691,-1052.147217
2026-07-16 17:47:12.163000+00:00,12.956836,-81.306076,-1055.136719
2026-07-16 17:47:14.149000+00:00,12.956641,-81.179428,-1053.848877
2026-07-16 17:47:16.151000+00:00,12.957031,-81.415176,-1052.133789
2026-07-16 17:47:18.152000+00:00,12.956446,-81.300735,-1055.214844
2026-07-16 17:47:20.156000+00:00,12.955859,-81.173325,-1053.737793
2026-07-16 17:47:22.214000+00:00,12.956055,-81.306458,-1052.004395
2026-07-16 17:47:24.231000+00:00,12.955274,-81.297302,-1053.773193
2026-07-16 17:47:26.214000+00:00,12.954883,-81.155014,-1053.604736
2026-07-16 17:47:28.214000+00:00,12.955274,-81.27861,-1051.671143
2026-07-16 17:47:30.166000+00:00,12.954688,-81.384659,-1053.353271
2026-07-16 17:47:32.216000+00:00,12.954102,-81.134796,-1054.633789
2026-07-16 17:47:34.216000+00:00,12.954493,-81.281662,-1051.361084
2026-07-16 17:47:36.207000+00:00,12.954493,-81.371689,-1053.336182
2026-07-16 17:47:38.212000+00:00,12.953906,-81.223297,-1054.451904
2026-07-16 17:47:40.184000+00:00,12.953516,-81.296921,-1052.531738
2026-07-16 17:47:42.209000+00:00,12.953516,-81.374741,-1053.455811
2026-07-16 17:47:44.215000+00:00,12.953125,-81.225967,-1054.4104
2026-07-16 17:47:46.215000+00:00,12.953125,-81.283188,-1052.491455
2026-07-16 17:47:48.194000+00:00,12.952735,-81.372833,-1053.239746
2026-07-16 17:47:50.187000+00:00,12.952344,-81.209183,-1054.333496
2026-07-16 17:47:52.223000+00:00,12.952148,-81.118774,-1052.224121
2026-07-16 17:47:54.223000+00:00,12.952344,-81.343079,-1050.993652
2026-07-16 17:47:56.224000+00:00,12.951758,-81.186295,-1053.916016
2026-07-16 17:47:58.218000+00:00,12.951758,-81.118774,-1051.875
2026-07-16 17:48:00.192000+00:00,12.951367,-81.259918,-1050.95459
2026-07-16 17:48:02.225000+00:00,12.951563,-81.201172,-1052.799072
2026-07-16 17:48:04.226000+00:00,12.951172,-81.154633,-1052.039795
2026-07-16 17:48:06.222000+00:00,12.951172,-81.309891,-1051.373291
2026-07-16 17:48:08.229000+00:00,12.951172,-81.362534,-1053.426514
2026-07-16 17:48:10.199000+00:00,12.950782,-81.157684,-1054.068604
2026-07-16 17:48:12.233000+00:00,12.950782,-81.333923,-1051.384277
2026-07-16 17:48:14.201000+00:00,12.950782,-81.343079,-1053.690186
2026-07-16 17:48:16.203000+00:00,12.950195,-81.113052,-1053.786621
2026-07-16 17:48:18.205000+00:00,12.950195,-81.272888,-1050.772705
2026-07-16 17:48:20.204000+00:00,12.95,-81.296158,-1052.855225
2026-07-16 17:48:22.260000+00:00,12.95,-81.134033,-1053.125
2026-07-16 17:48:24.274000+00:00,12.949414,-81.284332,-1051.032715
2026-07-16 17:48:26.275000+00:00,12.949414,-81.290054,-1052.930908
2026-07-16 17:48:28.270000+00:00,12.949023,-81.138229,-1052.995605
2026-07-16 17:48:30.210000+00:00,12.949023,-81.10733,-1051.00708
2026-07-16 17:48:32.280000+00:00,12.949023,-81.277466,-1050.594482
2026-07-16 17:48:34.292000+00:00,12.948438,-81.125259,-1052.803955
2026-07-16 17:48:36.289000+00:00,12.950195,-81.110001,-1050.799561
2026-07-16 17:48:38.285000+00:00,12.950391,-81.287384,-1050.737305
2026-07-16 17:48:40.229000+00:00,12.949219,-81.091309,-1053.037109
2026-07-16 17:48:42.293000+00:00,12.948829,-81.100082,-1050.412598
2026-07-16 17:48:44.295000+00:00,12.949023,-81.280518,-1050.500488
2026-07-16 17:48:46.290000+00:00,12.948438,-81.085587,-1052.850342
2026-07-16 17:48:48.227000+00:00,12.948438,-81.092072,-1050.2771
2026-07-16 17:48:50.234000+00:00,12.948242,-81.272507,-1050.354004
2026-07-16 17:48:52.303000+00:00,12.948438,-81.25,-1052.674561
2026-07-16 17:48:54.298000+00:00,12.947657,-81.093597,-1052.402344
2026-07-16 17:48:56.303000+00:00,12.947852,-81.290054,-1050.324707
2026-07-16 17:48:58.304000+00:00,12.947852,-81.259537,-1052.867432
2026-07-16 17:49:00.241000+00:00,12.947657,-81.095505,-1052.48291
2026-07-16 17:49:02.304000+00:00,12.947657,-81.271744,-1050.344238
2026-07-16 17:49:04.306000+00:00,12.947461,-81.269455,-1052.612305
2026-07-16 17:49:06.308000+00:00,12.946876,-81.081772,-1052.593994
2026-07-16 17:49:08.306000+00:00,12.947657,-81.140518,-1050.08667
2026-07-16 17:49:10.259000+00:00,12.94707,-81.288528,-1050.935059
2026-07-16 17:49:12.308000+00:00,12.946876,-81.130981,-1052.797852
2026-07-16 17:49:14.261000+00:00,12.945899,-81.154251,-1050.733643
2026-07-16 17:49:16.272000+00:00,12.945312,-81.224823,-1050.977783
2026-07-16 17:49:18.272000+00:00,12.944727,-81.05011,-1051.837158
2026-07-16 17:49:20.270000+00:00,12.944531,-81.092453,-1049.500732
2026-07-16 17:49:22.319000+00:00,12.944531,-81.277466,-1050.064697
2026-07-16 17:49:24.330000+00:00,12.943946,-81.050873,-1052.429199
2026-07-16 17:49:26.329000+00:00,12.943946,-81.093597,-1049.459229
2026-07-16 17:49:28.325000+00:00,12.94414,-81.222534,-1050.030518
2026-07-16 17:49:30.282000+00:00,12.94375,-81.198883,-1051.687012
2026-07-16 17:49:32.328000+00:00,12.94375,-81.093979,-1051.379395
2026-07-16 17:49:34.330000+00:00,12.943555,-81.274796,-1050.030518
2026-07-16 17:49:36.333000+00:00,12.943555,-81.209564,-1052.315674
2026-07-16 17:49:38.333000+00:00,12.942578,-81.031418,-1051.500244
2026-07-16 17:49:40.287000+00:00,12.942969,-81.266022,-1049.080811
2026-07-16 17:49:42.328000+00:00,12.942969,-81.219101,-1052.144775
2026-07-16 17:49:44.334000+00:00,12.942383,-81.045914,-1051.585693
2026-07-16 17:49:46.335000+00:00,12.942969,-81.296539,-1049.250488
2026-07-16 17:49:48.291000+00:00,12.942578,-81.212234,-1052.498779
2026-07-16 17:49:50.294000+00:00,12.941993,-81.067276,-1051.453857
2026-07-16 17:49:52.346000+00:00,12.942187,-81.147766,-1049.488525
2026-07-16 17:49:54.342000+00:00,12.941993,-81.193542,-1050.596924
2026-07-16 17:49:56.348000+00:00,12.941406,-81.031036,-1051.171875
2026-07-16 17:49:58.349000+00:00,12.941602,-81.126404,-1048.980713
2026-07-16 17:50:00.307000+00:00,12.941602,-81.254196,-1050.270996
2026-07-16 17:50:02.351000+00:00,12.941016,-81.020737,-1051.889648
2026-07-16 17:50:04.354000+00:00,12.941406,-81.15387,-1048.81958
2026-07-16 17:50:06.354000+00:00,12.941406,-81.221008,-1050.621338
2026-07-16 17:50:08.357000+00:00,12.940821,-81.168747,-1051.44043
2026-07-16 17:50:10.316000+00:00,12.941211,-81.148529,-1050.760498
2026-07-16 17:50:12.364000+00:00,12.941016,-81.26564,-1050.527344
2026-07-16 17:50:14.316000+00:00,12.940625,-81.137085,-1051.975098
2026-07-16 17:50:16.321000+00:00,12.94043,-81.137848,-1050.32959
2026-07-16 17:50:18.333000+00:00,12.94043,-81.243134,-1050.332031
2026-07-16 17:50:20.323000+00:00,12.939844,-81.10733,-1051.645508
2026-07-16 17:50:22.370000+00:00,12.939844,-81.007385,-1049.893799
2026-07-16 17:50:24.374000+00:00,12.939649,-81.212997,-1048.547363
2026-07-16 17:50:26.383000+00:00,12.939844,-81.154633,-1051.187744
2026-07-16 17:50:28.380000+00:00,12.939258,-81.023407,-1050.498047
2026-07-16 17:50:30.336000+00:00,12.939844,-81.099319,-1048.707275
2026-07-16 17:50:32.380000+00:00,12.939453,-81.107712,-1049.783936
2026-07-16 17:50:34.385000+00:00,12.939258,-81.016159,-1049.855957
2026-07-16 17:50:36.377000+00:00,12.939258,-81.106186,-1048.604736
2026-07-16 17:50:38.385000+00:00,12.939063,-81.242752,-1049.827881
2026-07-16 17:50:40.337000+00:00,12.938477,-80.979156,-1051.531982
2026-07-16 17:50:42.386000+00:00,12.938868,-81.133652,-1048.063965
2026-07-16 17:50:44.382000+00:00,12.938672,-81.2603,-1050.13916
2026-07-16 17:50:46.389000+00:00,12.938477,-81.110764,-1051.728516
2026-07-16 17:50:48.337000+00:00,12.938281,-81.131363,-1049.80957
2026-07-16 17:50:50.340000+00:00,12.938672,-81.238556,-1050.070801
2026-07-16 17:50:52.397000+00:00,12.938477,-81.101608,-1051.447754
2026-07-16 17:50:54.395000+00:00,12.938281,-81.138992,-1049.697266
2026-07-16 17:50:56.395000+00:00,12.938087,-81.22406,-1050.17334
2026-07-16 17:50:58.395000+00:00,12.937696,-81.081772,-1051.202393
2026-07-16 17:51:00.363000+00:00,12.937696,-80.987167,-1049.378662
2026-07-16 17:51:02.392000+00:00,12.937696,-81.193924,-1048.118896
2026-07-16 17:51:04.397000+00:00,12.9375,-81.082916,-1050.791016
2026-07-16 17:51:06.402000+00:00,12.939258,-81.038284,-1049.372559
2026-07-16 17:51:08.403000+00:00,12.945117,-81.231308,-1048.902588
2026-07-16 17:51:10.373000+00:00,12.945899,-81.134796,-1051.905518
2026-07-16 17:51:12.415000+00:00,12.946094,-81.099319,-1050.712891
2026-07-16 17:51:14.378000+00:00,12.945704,-81.348038,-1050.240479
2026-07-16 17:51:16.382000+00:00,12.945508,-81.614685,-1053.470459
2026-07-16 17:51:18.388000+00:00,12.944336,-81.457901,-1056.864014
2026-07-16 17:51:20.384000+00:00,12.943946,-81.4888,-1054.742432
2026-07-16 17:51:22.436000+00:00,12.941406,-81.243515,-1055.137939
2026-07-16 17:51:24.439000+00:00,12.940234,-81.04744,-1051.734619
2026-07-16 17:51:26.431000+00:00,12.940234,-81.228256,-1049.104004
2026-07-16 17:51:28.438000+00:00,12.940234,-81.242752,-1051.461182
2026-07-16 17:51:30.391000+00:00,12.94004,-81.064224,-1051.634521
2026-07-16 17:51:32.440000+00:00,12.94004,-81.200409,-1049.317627
2026-07-16 17:51:34.436000+00:00,12.939844,-81.229782,-1051.07666
2026-07-16 17:51:36.443000+00:00,12.939649,-81.066132,-1051.435547
2026-07-16 17:51:38.435000+00:00,12.938868,-81.031036,-1049.309082
2026-07-16 17:51:40.410000+00:00,12.939649,-81.22139,-1048.797607
2026-07-16 17:51:42.443000+00:00,12.938868,-81.074905,-1051.312256
2026-07-16 17:51:44.444000+00:00,12.938672,-81.037521,-1049.361572
2026-07-16 17:51:46.437000+00:00,12.939258,-81.222153,-1048.868408
2026-07-16 17:51:48.408000+00:00,12.938868,-81.061172,-1051.295166
2026-07-16 17:51:50.413000+00:00,12.938868,-81.053543,-1049.168701
2026-07-16 17:51:52.447000+00:00,12.938477,-81.224442,-1049.075928
2026-07-16 17:51:54.453000+00:00,12.938087,-81.037903,-1051.260986
2026-07-16 17:51:56.457000+00:00,12.938087,-81.037521,-1048.808594
2026-07-16 17:51:58.459000+00:00,12.938281,-81.195068,-1048.820801
2026-07-16 17:52:00.428000+00:00,12.937891,-81.17218,-1050.853271
2026-07-16 17:52:02.463000+00:00,12.937696,-81.054306,-1050.550537
2026-07-16 17:52:04.474000+00:00,12.937696,-81.243515,-1049.008789
2026-07-16 17:52:06.464000+00:00,12.9375,-81.195831,-1051.439209
2026-07-16 17:52:08.473000+00:00,12.937304,-81.040192,-1050.828857
2026-07-16 17:52:10.445000+00:00,12.937304,-81.227875,-1048.774414
2026-07-16 17:52:12.474000+00:00,12.9375,-81.178665,-1051.203613
2026-07-16 17:52:14.443000+00:00,12.936719,-81.02684,-1050.603027
2026-07-16 17:52:16.448000+00:00,12.936914,-81.06575,-1048.547363
2026-07-16 17:52:18.449000+00:00,12.936719,-81.183243,-1049.099121
2026-07-16 17:52:20.451000+00:00,12.936133,-81.002045,-1050.60791
2026-07-16 17:52:22.495000+00:00,12.936328,-81.077576,-1048.186035
2026-07-16 17:52:24.499000+00:00,12.936523,-81.15921,-1049.208984
2026-07-16 17:52:26.500000+00:00,12.936133,-81.000519,-1050.280762
2026-07-16 17:52:28.493000+00:00,12.935938,-81.06842,-1048.157959
2026-07-16 17:52:30.451000+00:00,12.936523,-81.230164,-1049.060059
2026-07-16 17:52:32.497000+00:00,12.935742,-80.970383,-1051.166992
2026-07-16 17:52:34.499000+00:00,12.935938,-81.020737,-1047.728271
2026-07-16 17:52:36.500000+00:00,12.901172,-101.411438,-1048.446045
2026-07-16 17:52:38.502000+00:00,12.833984,-130.10788,-1306.765137
2026-07-16 17:52:40.464000+00:00,13.092188,-0.065994,-1665.427246
2026-07-16 17:52:42.506000+00:00,13.098047,-0.061798,-0.863037
2026-07-16 17:52:44.518000+00:00,13.096875,-3.302383,-0.809326
2026-07-16 17:52:46.505000+00:00,13.086914,-10.239792,-43.133545
2026-07-16 17:52:48.462000+00:00,13.074219,-19.049835,-133.994141
2026-07-16 17:52:50.464000+00:00,13.075782,-19.019318,-249.075928
2026-07-16 17:52:52.505000+00:00,12.997266,-61.68251,-248.709717
2026-07-16 17:52:54.513000+00:00,12.951367,-81.536865,-800.334473
2026-07-16 17:52:56.512000+00:00,12.949023,-81.311035,-1056.306152
2026-07-16 17:52:58.504000+00:00,12.947266,-81.189728,-1053.242188
2026-07-16 17:53:00.464000+00:00,12.94668,-81.281281,-1051.486816
2026-07-16 17:53:02.507000+00:00,12.944336,-81.249619,-1052.65625
2026-07-16 17:53:04.514000+00:00,12.943359,-81.212234,-1052.052002
2026-07-16 17:53:06.519000+00:00,12.942969,-81.292725,-1051.45874
2026-07-16 17:53:08.519000+00:00,12.942187,-81.413651,-1052.501221
2026-07-16 17:53:10.470000+00:00,12.940821,-81.2397,-1053.970947
2026-07-16 17:53:12.519000+00:00,12.94043,-81.390762,-1051.600342
2026-07-16 17:53:14.475000+00:00,12.94004,-81.485367,-1053.575439
2026-07-16 17:53:16.477000+00:00,12.939063,-81.338501,-1054.72168
2026-07-16 17:53:18.474000+00:00,12.867579,-115.676117,-1052.785645
2026-07-16 17:53:20.480000+00:00,12.903711,-95.132065,-1486.697998
2026-07-16 17:53:22.530000+00:00,13.089454,-0.06752,-1217.869873
2026-07-16 17:53:24.535000+00:00,13.102344,-0.058746,-0.882568
2026-07-16 17:53:26.528000+00:00,13.097656,-4.644775,-0.771484
2026-07-16 17:53:28.531000+00:00,13.084571,-13.207245,-60.721436
2026-07-16 17:53:30.488000+00:00,13.075,-19.067383,-172.791748
2026-07-16 17:53:32.533000+00:00,13.077929,-18.998718,-249.32373
2026-07-16 17:53:34.534000+00:00,13.079493,-19.023895,-248.480225
2026-07-16 17:53:36.536000+00:00,13.081055,-19.04068,-248.841553
2026-07-16 17:53:38.534000+00:00,13.082227,-19.016266,-249.084473
2026-07-16 17:53:40.488000+00:00,13.100977,-10.546494,-248.791504
2026-07-16 17:53:42.539000+00:00,13.113672,-5.198288,-138.02002
2026-07-16 17:53:44.538000+00:00,13.106055,-10.404968,-68.125
2026-07-16 17:53:46.540000+00:00,13.122266,-2.532196,-136.369629
2026-07-16 17:53:48.483000+00:00,13.130859,-0.466919,-33.198242
2026-07-16 17:53:50.492000+00:00,13.132617,-0.458908,-6.131592
2026-07-16 17:53:52.541000+00:00,13.134376,-0.455475,-6.027832
2026-07-16 17:53:54.538000+00:00,13.136133,-0.469589,-5.981445
2026-07-16 17:53:56.542000+00:00,13.139258,-0.482559,-6.168213
2026-07-16 17:53:58.547000+00:00,13.140625,-0.450134,-6.341553
2026-07-16 17:54:00.499000+00:00,13.141993,-0.481415,-5.914307
2026-07-16 17:54:02.555000+00:00,13.144727,-0.46463,-6.328125
2026-07-16 17:54:04.554000+00:00,13.145899,-0.455475,-6.107178
2026-07-16 17:54:06.549000+00:00,13.147071,-0.462723,-5.987549
2026-07-16 17:54:08.555000+00:00,13.148242,-0.468063,-6.081543
2026-07-16 17:54:10.523000+00:00,13.150782,-0.469971,-6.154785
2026-07-16 17:54:12.555000+00:00,13.151954,-0.457382,-6.181641
2026-07-16 17:54:14.523000+00:00,13.15293,-0.46463,-6.015625
2026-07-16 17:54:16.532000+00:00,13.153907,-0.467682,-6.108398
2026-07-16 17:54:18.529000+00:00,13.156054,-0.466537,-6.149902
2026-07-16 17:54:20.523000+00:00,13.156837,-0.471115,-6.138916
2026-07-16 17:54:22.595000+00:00,13.157813,-0.494385,-6.19751
2026-07-16 17:54:24.601000+00:00,13.160156,-0.455475,-6.502686
2026-07-16 17:54:26.593000+00:00,13.161133,-0.465012,-6.054688
2026-07-16 17:54:28.604000+00:00,13.162109,-0.4673,-6.121826
2026-07-16 17:54:30.529000+00:00,13.16289,-0.468826,-6.226807
2026-07-16 17:54:32.594000+00:00,13.164454,-0.479507,-6.169434
2026-07-16 17:54:34.600000+00:00,13.165235,-0.458527,-6.313477
2026-07-16 17:54:36.604000+00:00,13.16582,-0.473404,-6.033936
2026-07-16 17:54:38.604000+00:00,13.166797,-0.464249,-6.230469
2026-07-16 17:54:40.539000+00:00,13.168164,-0.46196,-6.114502
2026-07-16 17:54:42.605000+00:00,13.168945,-0.473404,-6.080322
2026-07-16 17:54:44.605000+00:00,13.169726,-0.476074,-6.25
2026-07-16 17:54:46.611000+00:00,13.170313,-0.415039,-6.270752
2026-07-16 17:54:48.546000+00:00,13.172656,-0.003433,-5.511475
2026-07-16 17:54:50.562000+00:00,13.173438,0.005341,-0.878906
2026-07-16 17:54:52.612000+00:00,13.174219,0.006485,0.963135
2026-07-16 17:54:54.611000+00:00,13.174805,-0.006485,0.949707
2026-07-16 17:54:56.614000+00:00,13.175977,-0.00267,-0.874023
2026-07-16 17:54:58.614000+00:00,13.176562,0.01297,-0.993652
2026-07-16 17:55:00.573000+00:00,13.177149,-0.014877,1.062012
2026-07-16 17:55:02.619000+00:00,13.178321,-0.015259,-0.888672
2026-07-16 17:55:04.625000+00:00,13.178906,0.000763,-1.021729
2026-07-16 17:55:06.628000+00:00,13.179492,-0.005341,0.922852
2026-07-16 17:55:08.626000+00:00,13.180079,0.005722,-0.925293
2026-07-16 17:55:10.588000+00:00,13.181055,0.003815,0.792236
2026-07-16 17:55:12.638000+00:00,13.181641,0.003433,0.866699
2026-07-16 17:55:14.584000+00:00,13.182032,-0.013733,0.947266
2026-07-16 17:55:16.586000+00:00,13.182617,0.014877,-1.033936
2026-07-16 17:55:18.584000+00:00,13.183594,-0.003815,0.808105
2026-07-16 17:55:20.580000+00:00,13.18418,-0.006485,-0.904541
2026-07-16 17:55:22.638000+00:00,13.18457,-0.010681,-1.151123
2026-07-16 17:55:24.638000+00:00,13.185157,-0.003433,-0.878906
2026-07-16 17:55:26.634000+00:00,13.185938,0.001907,-1.037598
2026-07-16 17:55:28.640000+00:00,13.186523,0.009537,0.947266
2026-07-16 17:55:30.598000+00:00,13.186914,0.001144,1.02417
2026-07-16 17:55:32.647000+00:00,13.187696,0.011826,1.010742
2026-07-16 17:55:34.646000+00:00,13.188087,0.003815,0.916748
2026-07-16 17:55:36.659000+00:00,13.188672,-0.004578,0.88623
2026-07-16 17:55:38.647000+00:00,13.188868,-0.00267,-0.834961
2026-07-16 17:55:40.600000+00:00,13.189844,-0.003815,-0.9729
2026-07-16 17:55:42.649000+00:00,13.190234,-0.000381,-1.036377
2026-07-16 17:55:44.651000+00:00,13.19043,-0.011826,-0.517578
2026-07-16 17:55:46.653000+00:00,13.191016,0.001907,-0.969238
2026-07-16 17:55:48.607000+00:00,13.191797,-0.006866,0.892334
2026-07-16 17:55:50.606000+00:00,13.192187,0.008392,-0.900879
2026-07-16 17:55:52.641000+00:00,13.192578,0.005341,0.789795
2026-07-16 17:55:54.651000+00:00,13.192774,-0.000763,0.627441
2026-07-16 17:55:56.662000+00:00,13.193555,0.004578,-0.782471
2026-07-16 17:55:58.655000+00:00,13.193946,-0.02327,0.683594
2026-07-16 17:56:00.623000+00:00,13.194336,-0.009537,-0.854492
2026-07-16 17:56:02.653000+00:00,13.195117,0.014496,-0.655518
2026-07-16 17:56:04.655000+00:00,13.195508,-0.000763,0.81543
2026-07-16 17:56:06.652000+00:00,13.195899,-0.008392,-0.727539
2026-07-16 17:56:08.656000+00:00,13.196094,-0.013351,-0.749512
2026-07-16 17:56:10.623000+00:00,13.196876,0.004578,-0.697021
2026-07-16 17:56:12.658000+00:00,13.19707,0.003052,0.777588
2026-07-16 17:56:14.630000+00:00,13.197461,0.004196,0.699463
2026-07-16 17:56:16.638000+00:00,13.197852,0.008011,0.716553
2026-07-16 17:56:18.637000+00:00,13.198633,0.001907,0.69458
2026-07-16 17:56:20.639000+00:00,13.198829,-0.003433,0.876465
2026-07-16 17:56:22.690000+00:00,13.199219,0.000763,-0.72998
2026-07-16 17:56:24.694000+00:00,13.199414,0.00267,0.598145
2026-07-16 17:56:26.694000+00:00,13.2,0.008392,0.292969
2026-07-16 17:56:28.692000+00:00,13.200391,-0.005341,0.721436
2026-07-16 17:56:30.650000+00:00,13.200586,-0.000381,-0.627441
2026-07-16 17:56:32.701000+00:00,13.201367,-0.011063,-0.71167
2026-07-16 17:56:34.694000+00:00,13.201563,0.000381,-0.943604
2026-07-16 17:56:36.689000+00:00,13.201953,-0.001907,0.644531
2026-07-16 17:56:38.699000+00:00,13.202148,0.006104,-0.760498
2026-07-16 17:56:40.667000+00:00,13.202929,0.009537,0.611572
2026-07-16 17:56:42.699000+00:00,13.203321,-0.001526,0.655518
2026-07-16 17:56:44.713000+00:00,13.203516,0.006485,-0.628662
2026-07-16 17:56:46.701000+00:00,13.203712,-0.002289,0.732422
2026-07-16 17:56:48.667000+00:00,13.204493,0.005722,-0.732422
2026-07-16 17:56:50.668000+00:00,13.204688,0.000381,0.541992
2026-07-16 17:56:52.701000+00:00,13.205078,-0.001907,0.528564
2026-07-16 17:56:54.702000+00:00,13.205274,0.017548,-0.726318
2026-07-16 17:56:56.708000+00:00,13.205859,0.007629,0.662842
2026-07-16 17:56:58.710000+00:00,13.20625,-0.004196,0.733643
2026-07-16 17:57:00.679000+00:00,13.206446,0.004578,-0.618896
2026-07-16 17:57:02.706000+00:00,13.206836,-0.012207,0.795898
2026-07-16 17:57:04.701000+00:00,13.207227,0.007629,-0.821533
2026-07-16 17:57:06.709000+00:00,13.207422,-0.011826,0.750732
2026-07-16 17:57:08.709000+00:00,13.207812,0.001907,-0.726318
2026-07-16 17:57:10.677000+00:00,13.208203,0.0,0.872803
2026-07-16 17:57:12.710000+00:00,13.208594,-0.008774,0.866699
2026-07-16 17:57:14.681000+00:00,13.208789,-0.009155,-0.731201
2026-07-16 17:57:16.683000+00:00,13.20918,-0.006866,-0.693359
2026-07-16 17:57:18.689000+00:00,13.209571,-0.005341,-0.273438
2026-07-16 17:57:20.681000+00:00,13.209961,0.002289,-0.397949
2026-07-16 17:57:22.733000+00:00,13.210156,0.000763,0.593262
2026-07-16 17:57:24.724000+00:00,13.210352,0.001907,0.776367
2026-07-16 17:57:26.723000+00:00,13.210742,-0.006866,0.834961
2026-07-16 17:57:28.739000+00:00,13.211133,-0.005341,-0.662842
2026-07-16 17:57:30.688000+00:00,13.211329,0.002289,-0.783691
2026-07-16 17:57:32.723000+00:00,13.211524,-0.000763,0.795898
2026-07-16 17:57:34.720000+00:00,13.21211,-0.0103,-0.605469
2026-07-16 17:57:36.725000+00:00,13.212305,0.0,-0.698242
2026-07-16 17:57:38.716000+00:00,13.212695,-0.004959,0.59082
2026-07-16 17:57:40.697000+00:00,13.213086,0.0,-0.732422
2026-07-16 17:57:42.731000+00:00,13.213282,0.000381,0.601807
2026-07-16 17:57:44.724000+00:00,13.213477,-0.004196,0.74707
2026-07-16 17:57:46.719000+00:00,13.213672,0.008392,-0.762939
2026-07-16 17:57:48.695000+00:00,13.214258,-0.01297,0.858154
2026-07-16 17:57:50.697000+00:00,13.214454,0.005341,-0.634766
2026-07-16 17:57:52.726000+00:00,13.214648,0.000381,0.706787
2026-07-16 17:57:54.730000+00:00,13.214844,0.005722,0.900879
2026-07-16 17:57:56.730000+00:00,13.215235,0.005341,0.838623
2026-07-16 17:57:58.739000+00:00,13.21543,-0.003815,0.682373
