entity_id,state,last_changed
sensor.battery_bank_monitor_battery_pack_temperature,unavailable,2026-07-15T04:00:00.000Z
sensor.battery_bank_monitor_battery_pack_temperature,68.9000015258789,2026-07-15T15:45:35.126Z
sensor.battery_bank_monitor_battery_pack_temperature,71.1500015258789,2026-07-15T15:49:33.956Z
sensor.battery_bank_monitor_battery_pack_temperature,70.1374969482422,2026-07-15T15:50:33.954Z
sensor.battery_bank_monitor_battery_pack_temperature,69.6875,2026-07-15T15:51:33.957Z
sensor.battery_bank_monitor_battery_pack_temperature,69.3499984741211,2026-07-15T15:52:33.955Z
sensor.battery_bank_monitor_battery_pack_temperature,69.125,2026-07-15T15:53:33.966Z
sensor.battery_bank_monitor_battery_pack_temperature,69.0124969482422,2026-07-15T15:54:33.920Z
sensor.battery_bank_monitor_battery_pack_temperature,68.7874984741211,2026-07-15T15:56:33.917Z
sensor.battery_bank_monitor_battery_pack_temperature,68.6750030517578,2026-07-15T15:59:33.966Z
sensor.battery_bank_monitor_battery_pack_temperature,68.5625,2026-07-15T16:02:33.967Z
sensor.battery_bank_monitor_battery_pack_temperature,68.4499969482422,2026-07-15T16:07:33.956Z
sensor.battery_bank_monitor_battery_pack_temperature,68.3375015258789,2026-07-15T16:18:33.989Z
sensor.battery_bank_monitor_battery_pack_temperature,68.4499969482422,2026-07-15T16:19:33.994Z
sensor.battery_bank_monitor_battery_pack_temperature,unavailable,2026-07-15T16:19:51.072Z
sensor.battery_bank_monitor_battery_pack_temperature,68.4499969482422,2026-07-15T16:19:56.292Z
sensor.battery_bank_monitor_battery_pack_temperature,68.3375015258789,2026-07-15T16:28:55.008Z
sensor.battery_bank_monitor_battery_pack_temperature,68.4499969482422,2026-07-15T16:29:55.139Z
sensor.battery_bank_monitor_battery_pack_temperature,unavailable,2026-07-15T16:30:31.910Z
sensor.battery_bank_monitor_battery_pack_temperature,68.4499969482422,2026-07-15T16:30:37.088Z
sensor.battery_bank_monitor_battery_pack_temperature,68.5625,2026-07-15T16:35:37.155Z
sensor.battery_bank_monitor_battery_pack_temperature,68.4499969482422,2026-07-15T16:36:37.173Z
sensor.battery_bank_monitor_battery_pack_temperature,68.5625,2026-07-15T16:37:37.105Z
sensor.battery_bank_monitor_battery_pack_temperature,69.4625015258789,2026-07-15T16:43:37.267Z
sensor.battery_bank_monitor_battery_pack_temperature,69.6875,2026-07-15T16:44:37.304Z
sensor.battery_bank_monitor_battery_pack_temperature,69.5749969482422,2026-07-15T16:45:37.236Z
sensor.battery_bank_monitor_battery_pack_temperature,69.3499984741211,2026-07-15T16:47:37.353Z
sensor.battery_bank_monitor_battery_pack_temperature,69.2375030517578,2026-07-15T16:48:37.385Z
sensor.battery_bank_monitor_battery_pack_temperature,69.125,2026-07-15T16:49:37.445Z
sensor.battery_bank_monitor_battery_pack_temperature,69.0124969482422,2026-07-15T16:50:37.486Z
sensor.battery_bank_monitor_battery_pack_temperature,68.9000015258789,2026-07-15T16:51:37.523Z
sensor.battery_bank_monitor_battery_pack_temperature,68.7874984741211,2026-07-15T16:53:37.598Z
sensor.battery_bank_monitor_battery_pack_temperature,68.6750030517578,2026-07-15T16:54:37.645Z
sensor.battery_bank_monitor_battery_pack_temperature,68.7874984741211,2026-07-15T16:55:37.661Z
sensor.battery_bank_monitor_battery_pack_temperature,68.6750030517578,2026-07-15T16:56:37.732Z
sensor.battery_bank_monitor_battery_pack_temperature,68.5625,2026-07-15T16:59:37.835Z
sensor.battery_bank_monitor_battery_pack_temperature,68.4499969482422,2026-07-15T17:07:38.252Z
sensor.battery_bank_monitor_battery_pack_temperature,68.5625,2026-07-15T17:09:38.394Z
sensor.battery_bank_monitor_battery_pack_temperature,68.4499969482422,2026-07-15T17:10:38.481Z
sensor.battery_bank_monitor_battery_pack_temperature,68.5625,2026-07-15T17:11:38.548Z
sensor.battery_bank_monitor_battery_pack_temperature,68.4499969482422,2026-07-15T17:13:38.676Z
sensor.battery_bank_monitor_battery_pack_temperature,68.3375015258789,2026-07-15T17:23:39.336Z
sensor.battery_bank_monitor_battery_pack_temperature,68.4499969482422,2026-07-15T17:24:39.462Z
sensor.battery_bank_monitor_battery_pack_temperature,68.3375015258789,2026-07-15T17:49:40.865Z
sensor.battery_bank_monitor_battery_pack_temperature,68.4499969482422,2026-07-15T17:50:40.911Z
sensor.battery_bank_monitor_battery_pack_temperature,68.3375015258789,2026-07-15T17:58:41.468Z
sensor.battery_bank_monitor_battery_pack_temperature,68.4499969482422,2026-07-15T17:59:41.560Z
sensor.battery_bank_monitor_battery_pack_temperature,68.3375015258789,2026-07-15T18:02:41.798Z
sensor.battery_bank_monitor_battery_pack_temperature,68.4499969482422,2026-07-15T18:03:41.874Z
sensor.battery_bank_monitor_battery_pack_temperature,68.3375015258789,2026-07-15T18:05:41.980Z
sensor.battery_bank_monitor_battery_pack_temperature,68.4499969482422,2026-07-15T18:06:42.027Z
sensor.battery_bank_monitor_battery_pack_temperature,68.3375015258789,2026-07-15T18:08:42.160Z
sensor.battery_bank_monitor_battery_pack_temperature,68.4499969482422,2026-07-15T18:11:42.413Z
sensor.battery_bank_monitor_battery_pack_temperature,68.3375015258789,2026-07-15T18:12:42.449Z
sensor.battery_bank_monitor_battery_pack_temperature,68.4499969482422,2026-07-15T18:14:42.591Z
sensor.battery_bank_monitor_battery_pack_temperature,68.3375015258789,2026-07-15T18:15:42.661Z
sensor.battery_bank_monitor_battery_pack_temperature,68.4499969482422,2026-07-15T18:16:42.719Z
sensor.battery_bank_monitor_battery_pack_temperature,68.3375015258789,2026-07-15T18:18:42.862Z
sensor.battery_bank_monitor_battery_pack_temperature,68.4499969482422,2026-07-15T18:22:43.045Z
sensor.battery_bank_monitor_battery_pack_temperature,68.3375015258789,2026-07-15T18:23:43.069Z
sensor.battery_bank_monitor_battery_pack_temperature,68.4499969482422,2026-07-15T18:24:43.079Z
sensor.battery_bank_monitor_battery_pack_temperature,68.3375015258789,2026-07-15T18:25:43.083Z
sensor.battery_bank_monitor_battery_pack_temperature,68.4499969482422,2026-07-15T18:28:43.072Z
sensor.battery_bank_monitor_battery_pack_temperature,68.3375015258789,2026-07-15T18:29:43.078Z
sensor.battery_bank_monitor_battery_pack_temperature,68.4499969482422,2026-07-15T18:35:43.297Z
sensor.battery_bank_monitor_battery_pack_temperature,68.3375015258789,2026-07-15T18:36:43.362Z
sensor.battery_bank_monitor_battery_pack_temperature,68.2249984741211,2026-07-15T18:57:43.985Z
sensor.battery_bank_monitor_battery_pack_temperature,68.3375015258789,2026-07-15T18:58:43.971Z
sensor.battery_bank_monitor_battery_pack_temperature,68.2249984741211,2026-07-15T18:59:43.972Z
sensor.battery_bank_monitor_battery_pack_temperature,68.3375015258789,2026-07-15T19:00:43.981Z
sensor.battery_bank_monitor_battery_pack_temperature,68.2249984741211,2026-07-15T19:02:43.944Z
sensor.battery_bank_monitor_battery_pack_temperature,68.3375015258789,2026-07-15T19:03:44.059Z
sensor.battery_bank_monitor_battery_pack_temperature,68.2249984741211,2026-07-15T19:07:44.008Z
sensor.battery_bank_monitor_battery_pack_temperature,68.3375015258789,2026-07-15T19:57:45.002Z
sensor.battery_bank_monitor_battery_pack_temperature,68.2249984741211,2026-07-15T20:17:45.349Z
sensor.battery_bank_monitor_battery_pack_temperature,68.3375015258789,2026-07-15T20:19:45.271Z
sensor.battery_bank_monitor_battery_pack_temperature,68.2249984741211,2026-07-15T20:25:45.583Z
sensor.battery_bank_monitor_battery_pack_temperature,68.3375015258789,2026-07-15T20:28:45.481Z
sensor.battery_bank_monitor_battery_pack_temperature,68.2249984741211,2026-07-15T20:29:45.563Z
sensor.battery_bank_monitor_battery_pack_temperature,68.1125030517578,2026-07-15T20:51:46.148Z
sensor.battery_bank_monitor_battery_pack_temperature,68.2249984741211,2026-07-15T20:52:46.149Z
sensor.battery_bank_monitor_battery_pack_temperature,68.1125030517578,2026-07-15T20:57:46.235Z
sensor.battery_bank_monitor_battery_pack_temperature,68.2249984741211,2026-07-15T20:58:46.121Z
sensor.battery_bank_monitor_battery_pack_temperature,68.1125030517578,2026-07-15T20:59:46.255Z
sensor.battery_bank_monitor_battery_pack_temperature,68.2249984741211,2026-07-15T21:00:46.167Z
sensor.battery_bank_monitor_battery_pack_temperature,68.1125030517578,2026-07-15T21:01:46.184Z
sensor.battery_bank_monitor_battery_pack_temperature,68.2249984741211,2026-07-15T21:03:46.183Z
sensor.battery_bank_monitor_battery_pack_temperature,68.1125030517578,2026-07-15T21:04:46.185Z
sensor.battery_bank_monitor_battery_pack_temperature,68.2249984741211,2026-07-15T21:24:46.823Z
sensor.battery_bank_monitor_battery_pack_temperature,68.1125030517578,2026-07-15T21:25:46.950Z
sensor.battery_bank_monitor_battery_pack_temperature,68.2249984741211,2026-07-15T21:27:47.084Z
sensor.battery_bank_monitor_battery_pack_temperature,68.1125030517578,2026-07-15T21:30:47.079Z
sensor.battery_bank_monitor_battery_pack_temperature,68.2249984741211,2026-07-15T21:31:47.080Z
sensor.battery_bank_monitor_battery_pack_temperature,68.1125030517578,2026-07-15T21:32:47.096Z
sensor.battery_bank_monitor_battery_pack_temperature,68.2249984741211,2026-07-15T21:34:47.139Z
sensor.battery_bank_monitor_battery_pack_temperature,68.3375015258789,2026-07-15T21:54:47.547Z
sensor.battery_bank_monitor_battery_pack_temperature,68.2249984741211,2026-07-15T21:55:47.648Z
sensor.battery_bank_monitor_battery_pack_temperature,68.3375015258789,2026-07-15T21:57:47.724Z
sensor.battery_bank_monitor_battery_pack_temperature,68.2249984741211,2026-07-15T21:58:47.725Z
sensor.battery_bank_monitor_battery_pack_temperature,68.3375015258789,2026-07-15T22:02:47.730Z
sensor.battery_bank_monitor_battery_pack_temperature,68.2249984741211,2026-07-15T22:05:47.824Z
sensor.battery_bank_monitor_battery_pack_temperature,68.3375015258789,2026-07-15T22:06:47.682Z
sensor.battery_bank_monitor_battery_pack_temperature,68.2249984741211,2026-07-15T22:08:47.897Z
sensor.battery_bank_monitor_battery_pack_temperature,68.3375015258789,2026-07-15T22:09:47.962Z
sensor.battery_bank_monitor_battery_pack_temperature,68.4499969482422,2026-07-15T22:30:48.393Z
sensor.battery_bank_monitor_battery_pack_temperature,68.3375015258789,2026-07-15T22:31:48.482Z
sensor.battery_bank_monitor_battery_pack_temperature,68.4499969482422,2026-07-15T22:37:48.656Z
sensor.battery_bank_monitor_battery_pack_temperature,68.3375015258789,2026-07-15T22:38:48.648Z
sensor.battery_bank_monitor_battery_pack_temperature,68.4499969482422,2026-07-15T22:42:48.654Z
sensor.battery_bank_monitor_battery_pack_temperature,68.3375015258789,2026-07-15T22:45:48.681Z
sensor.battery_bank_monitor_battery_pack_temperature,68.4499969482422,2026-07-15T22:47:48.702Z
sensor.battery_bank_monitor_battery_pack_temperature,68.3375015258789,2026-07-15T22:48:48.777Z
sensor.battery_bank_monitor_battery_pack_temperature,68.4499969482422,2026-07-15T22:50:48.718Z
sensor.battery_bank_monitor_battery_pack_temperature,unavailable,2026-07-15T23:01:58.930Z
sensor.battery_bank_monitor_battery_pack_temperature,68.4499969482422,2026-07-15T23:02:04.124Z
sensor.battery_bank_monitor_battery_pack_temperature,68.5625,2026-07-15T23:14:04.368Z
sensor.battery_bank_monitor_battery_pack_temperature,68.4499969482422,2026-07-15T23:15:04.398Z
sensor.battery_bank_monitor_battery_pack_temperature,68.5625,2026-07-15T23:17:04.455Z
sensor.battery_bank_monitor_battery_pack_temperature,68.4499969482422,2026-07-15T23:21:04.648Z
sensor.battery_bank_monitor_battery_pack_temperature,68.5625,2026-07-15T23:24:04.773Z
sensor.battery_bank_monitor_battery_pack_temperature,68.4499969482422,2026-07-15T23:25:04.824Z
sensor.battery_bank_monitor_battery_pack_temperature,68.5625,2026-07-15T23:26:04.855Z
sensor.battery_bank_monitor_battery_pack_temperature,68.4499969482422,2026-07-15T23:27:04.910Z
sensor.battery_bank_monitor_battery_pack_temperature,68.5625,2026-07-15T23:28:04.981Z
sensor.battery_bank_monitor_battery_pack_temperature,68.4499969482422,2026-07-15T23:31:05.104Z
sensor.battery_bank_monitor_battery_pack_temperature,68.5625,2026-07-15T23:32:05.144Z
sensor.battery_bank_monitor_battery_pack_temperature,68.4499969482422,2026-07-15T23:33:05.188Z
sensor.battery_bank_monitor_battery_pack_temperature,68.5625,2026-07-15T23:35:05.301Z
sensor.battery_bank_monitor_battery_pack_temperature,68.6750030517578,2026-07-16T00:10:06.757Z
sensor.battery_bank_monitor_battery_pack_temperature,68.5625,2026-07-16T00:11:06.817Z
sensor.battery_bank_monitor_battery_pack_temperature,68.6750030517578,2026-07-16T00:20:07.084Z
sensor.battery_bank_monitor_battery_pack_temperature,68.5625,2026-07-16T00:23:07.299Z
sensor.battery_bank_monitor_battery_pack_temperature,68.6750030517578,2026-07-16T00:37:08.019Z
sensor.battery_bank_monitor_battery_pack_temperature,68.5625,2026-07-16T00:38:08.072Z
sensor.battery_bank_monitor_battery_pack_temperature,68.4499969482422,2026-07-16T01:29:10.751Z
sensor.battery_bank_monitor_battery_pack_temperature,68.5625,2026-07-16T01:30:10.714Z
sensor.battery_bank_monitor_battery_pack_temperature,68.4499969482422,2026-07-16T01:34:11.057Z
sensor.battery_bank_monitor_battery_pack_temperature,68.5625,2026-07-16T01:35:11.146Z
sensor.battery_bank_monitor_battery_pack_temperature,68.4499969482422,2026-07-16T01:37:11.150Z
sensor.battery_bank_monitor_battery_pack_temperature,68.5625,2026-07-16T01:38:11.159Z
sensor.battery_bank_monitor_battery_pack_temperature,68.4499969482422,2026-07-16T01:39:11.160Z
sensor.battery_bank_monitor_battery_pack_temperature,68.5625,2026-07-16T01:42:11.081Z
sensor.battery_bank_monitor_battery_pack_temperature,68.4499969482422,2026-07-16T01:44:11.198Z
sensor.battery_bank_monitor_battery_pack_temperature,68.5625,2026-07-16T01:45:11.117Z
sensor.battery_bank_monitor_battery_pack_temperature,68.4499969482422,2026-07-16T01:47:11.180Z
sensor.battery_bank_monitor_battery_pack_temperature,68.5625,2026-07-16T01:48:11.182Z
sensor.battery_bank_monitor_battery_pack_temperature,68.4499969482422,2026-07-16T01:51:11.121Z
sensor.battery_bank_monitor_battery_pack_temperature,68.5625,2026-07-16T01:54:11.221Z
sensor.battery_bank_monitor_battery_pack_temperature,68.4499969482422,2026-07-16T01:56:11.428Z
sensor.battery_bank_monitor_battery_pack_temperature,68.5625,2026-07-16T01:58:11.463Z
sensor.battery_bank_monitor_battery_pack_temperature,68.4499969482422,2026-07-16T02:09:11.574Z
sensor.battery_bank_monitor_battery_pack_temperature,68.5625,2026-07-16T02:10:11.576Z
sensor.battery_bank_monitor_battery_pack_temperature,68.6750030517578,2026-07-16T02:31:11.952Z
sensor.battery_bank_monitor_battery_pack_temperature,68.5625,2026-07-16T02:32:12.038Z
sensor.battery_bank_monitor_battery_pack_temperature,68.6750030517578,2026-07-16T02:36:12.107Z
sensor.battery_bank_monitor_battery_pack_temperature,68.5625,2026-07-16T02:37:12.111Z
sensor.battery_bank_monitor_battery_pack_temperature,68.6750030517578,2026-07-16T02:45:12.128Z
sensor.battery_bank_monitor_battery_pack_temperature,68.5625,2026-07-16T02:46:12.135Z
sensor.battery_bank_monitor_battery_pack_temperature,68.6750030517578,2026-07-16T02:48:12.138Z
sensor.battery_bank_monitor_battery_pack_temperature,68.5625,2026-07-16T02:49:12.124Z
sensor.battery_bank_monitor_battery_pack_temperature,68.6750030517578,2026-07-16T02:52:12.245Z
sensor.battery_bank_monitor_battery_pack_temperature,68.5625,2026-07-16T02:53:12.117Z
sensor.battery_bank_monitor_battery_pack_temperature,68.6750030517578,2026-07-16T02:57:12.199Z
sensor.battery_bank_monitor_battery_pack_temperature,68.5625,2026-07-16T02:58:12.219Z
sensor.battery_bank_monitor_battery_pack_temperature,68.6750030517578,2026-07-16T02:59:12.262Z
sensor.battery_bank_monitor_battery_pack_temperature,68.5625,2026-07-16T03:00:12.310Z
sensor.battery_bank_monitor_battery_pack_temperature,68.6750030517578,2026-07-16T03:02:12.372Z
sensor.battery_bank_monitor_battery_pack_temperature,68.5625,2026-07-16T03:03:12.420Z
sensor.battery_bank_monitor_battery_pack_temperature,68.6750030517578,2026-07-16T03:05:12.620Z
sensor.battery_bank_monitor_battery_pack_temperature,68.5625,2026-07-16T03:09:12.736Z
sensor.battery_bank_monitor_battery_pack_temperature,68.6750030517578,2026-07-16T03:10:12.736Z
sensor.battery_bank_monitor_battery_pack_temperature,68.5625,2026-07-16T03:12:12.738Z
sensor.battery_bank_monitor_battery_pack_temperature,68.6750030517578,2026-07-16T03:13:12.812Z
sensor.battery_bank_monitor_battery_pack_temperature,68.5625,2026-07-16T03:18:12.888Z
sensor.battery_bank_monitor_battery_pack_temperature,68.6750030517578,2026-07-16T03:19:12.890Z
sensor.battery_bank_monitor_battery_pack_temperature,68.5625,2026-07-16T03:23:12.979Z
sensor.battery_bank_monitor_battery_pack_temperature,68.6750030517578,2026-07-16T03:24:12.972Z
sensor.battery_bank_monitor_battery_pack_temperature,68.5625,2026-07-16T03:25:12.911Z
sensor.battery_bank_monitor_battery_pack_temperature,68.6750030517578,2026-07-16T03:26:12.899Z
sensor.battery_bank_monitor_battery_pack_temperature,68.5625,2026-07-16T03:29:12.915Z
sensor.battery_bank_monitor_battery_pack_temperature,68.6750030517578,2026-07-16T03:30:12.920Z
sensor.battery_bank_monitor_battery_pack_temperature,68.5625,2026-07-16T03:36:13.134Z
sensor.battery_bank_monitor_battery_pack_temperature,68.6750030517578,2026-07-16T03:37:13.256Z
sensor.battery_bank_monitor_battery_pack_temperature,68.5625,2026-07-16T03:47:13.324Z
sensor.battery_bank_monitor_battery_pack_temperature,68.6750030517578,2026-07-16T03:48:13.313Z
sensor.battery_bank_monitor_battery_pack_temperature,68.5625,2026-07-16T03:50:13.313Z
sensor.battery_bank_monitor_battery_pack_temperature,68.6750030517578,2026-07-16T03:51:13.330Z
sensor.battery_bank_monitor_battery_pack_temperature,68.5625,2026-07-16T03:52:13.322Z
sensor.battery_bank_monitor_battery_pack_temperature,68.6750030517578,2026-07-16T04:57:14.734Z
sensor.battery_bank_monitor_battery_pack_temperature,68.5625,2026-07-16T04:58:14.734Z
sensor.battery_bank_monitor_battery_pack_temperature,68.6750030517578,2026-07-16T05:11:14.831Z
sensor.battery_bank_monitor_battery_pack_temperature,68.5625,2026-07-16T05:12:14.906Z
sensor.battery_bank_monitor_battery_pack_temperature,68.6750030517578,2026-07-16T05:13:15.019Z
sensor.battery_bank_monitor_battery_pack_temperature,68.5625,2026-07-16T05:17:15.152Z
sensor.battery_bank_monitor_battery_pack_temperature,68.6750030517578,2026-07-16T05:18:15.155Z
sensor.battery_bank_monitor_battery_pack_temperature,68.5625,2026-07-16T05:19:15.102Z
sensor.battery_bank_monitor_battery_pack_temperature,68.6750030517578,2026-07-16T05:20:15.220Z
sensor.battery_bank_monitor_battery_pack_temperature,68.5625,2026-07-16T05:23:15.279Z
sensor.battery_bank_monitor_battery_pack_temperature,68.6750030517578,2026-07-16T05:24:15.318Z
sensor.battery_bank_monitor_battery_pack_temperature,68.5625,2026-07-16T05:26:15.325Z
sensor.battery_bank_monitor_battery_pack_temperature,68.6750030517578,2026-07-16T05:30:15.325Z
sensor.battery_bank_monitor_battery_pack_temperature,68.5625,2026-07-16T05:31:15.420Z
sensor.battery_bank_monitor_battery_pack_temperature,68.6750030517578,2026-07-16T05:33:15.395Z
sensor.battery_bank_monitor_battery_pack_temperature,68.5625,2026-07-16T05:36:15.696Z
sensor.battery_bank_monitor_battery_pack_temperature,68.6750030517578,2026-07-16T05:37:15.727Z
sensor.battery_bank_monitor_battery_pack_temperature,68.5625,2026-07-16T05:39:15.735Z
sensor.battery_bank_monitor_battery_pack_temperature,68.6750030517578,2026-07-16T05:40:15.731Z
sensor.battery_bank_monitor_battery_pack_temperature,68.5625,2026-07-16T05:41:15.724Z
sensor.battery_bank_monitor_battery_pack_temperature,68.6750030517578,2026-07-16T05:43:15.778Z
sensor.battery_bank_monitor_battery_pack_temperature,68.5625,2026-07-16T05:48:15.953Z
sensor.battery_bank_monitor_battery_pack_temperature,68.6750030517578,2026-07-16T05:49:15.937Z
sensor.battery_bank_monitor_battery_pack_temperature,68.5625,2026-07-16T05:52:15.928Z
sensor.battery_bank_monitor_battery_pack_temperature,68.6750030517578,2026-07-16T05:53:16.061Z
sensor.battery_bank_monitor_battery_pack_temperature,68.5625,2026-07-16T06:01:16.174Z
sensor.battery_bank_monitor_battery_pack_temperature,68.6750030517578,2026-07-16T06:02:16.205Z
sensor.battery_bank_monitor_battery_pack_temperature,68.5625,2026-07-16T06:48:17.086Z
sensor.battery_bank_monitor_battery_pack_temperature,68.6750030517578,2026-07-16T06:49:17.097Z
sensor.battery_bank_monitor_battery_pack_temperature,68.7874984741211,2026-07-16T07:09:18.082Z
sensor.battery_bank_monitor_battery_pack_temperature,68.6750030517578,2026-07-16T07:10:18.173Z
sensor.battery_bank_monitor_battery_pack_temperature,68.7874984741211,2026-07-16T07:11:18.260Z
sensor.battery_bank_monitor_battery_pack_temperature,68.6750030517578,2026-07-16T07:12:18.344Z
sensor.battery_bank_monitor_battery_pack_temperature,68.7874984741211,2026-07-16T07:33:20.123Z
sensor.battery_bank_monitor_battery_pack_temperature,68.6750030517578,2026-07-16T07:35:20.277Z
sensor.battery_bank_monitor_battery_pack_temperature,68.7874984741211,2026-07-16T07:41:20.780Z
sensor.battery_bank_monitor_battery_pack_temperature,68.6750030517578,2026-07-16T07:42:20.870Z
sensor.battery_bank_monitor_battery_pack_temperature,68.7874984741211,2026-07-16T08:01:22.079Z
sensor.battery_bank_monitor_battery_pack_temperature,68.6750030517578,2026-07-16T08:03:22.079Z
sensor.battery_bank_monitor_battery_pack_temperature,68.7874984741211,2026-07-16T08:04:22.029Z
sensor.battery_bank_monitor_battery_pack_temperature,68.6750030517578,2026-07-16T08:05:22.097Z
sensor.battery_bank_monitor_battery_pack_temperature,68.7874984741211,2026-07-16T08:06:22.177Z
sensor.battery_bank_monitor_battery_pack_temperature,68.6750030517578,2026-07-16T08:10:22.264Z
sensor.battery_bank_monitor_battery_pack_temperature,68.7874984741211,2026-07-16T08:11:22.354Z
sensor.battery_bank_monitor_battery_pack_temperature,68.6750030517578,2026-07-16T08:13:22.532Z
sensor.battery_bank_monitor_battery_pack_temperature,68.7874984741211,2026-07-16T08:15:22.709Z
sensor.battery_bank_monitor_battery_pack_temperature,68.6750030517578,2026-07-16T08:16:22.779Z
sensor.battery_bank_monitor_battery_pack_temperature,68.7874984741211,2026-07-16T08:19:23.012Z
sensor.battery_bank_monitor_battery_pack_temperature,68.6750030517578,2026-07-16T08:22:23.021Z
sensor.battery_bank_monitor_battery_pack_temperature,68.7874984741211,2026-07-16T08:24:23.028Z
sensor.battery_bank_monitor_battery_pack_temperature,68.6750030517578,2026-07-16T08:25:22.970Z
sensor.battery_bank_monitor_battery_pack_temperature,68.7874984741211,2026-07-16T08:27:22.971Z
sensor.battery_bank_monitor_battery_pack_temperature,68.6750030517578,2026-07-16T08:29:23.168Z
sensor.battery_bank_monitor_battery_pack_temperature,68.7874984741211,2026-07-16T08:30:23.278Z
sensor.battery_bank_monitor_battery_pack_temperature,68.6750030517578,2026-07-16T08:31:23.385Z
sensor.battery_bank_monitor_battery_pack_temperature,68.7874984741211,2026-07-16T08:32:23.487Z
sensor.battery_bank_monitor_battery_pack_temperature,68.6750030517578,2026-07-16T08:39:23.501Z
sensor.battery_bank_monitor_battery_pack_temperature,68.7874984741211,2026-07-16T08:40:23.613Z
sensor.battery_bank_monitor_battery_pack_temperature,68.6750030517578,2026-07-16T08:43:23.710Z
sensor.battery_bank_monitor_battery_pack_temperature,68.7874984741211,2026-07-16T08:44:23.783Z
sensor.battery_bank_monitor_battery_pack_temperature,68.6750030517578,2026-07-16T08:50:24.406Z
sensor.battery_bank_monitor_battery_pack_temperature,68.7874984741211,2026-07-16T08:51:24.518Z
sensor.battery_bank_monitor_battery_pack_temperature,68.6750030517578,2026-07-16T08:53:24.400Z
sensor.battery_bank_monitor_battery_pack_temperature,68.7874984741211,2026-07-16T08:54:24.419Z
sensor.battery_bank_monitor_battery_pack_temperature,68.6750030517578,2026-07-16T08:58:24.438Z
sensor.battery_bank_monitor_battery_pack_temperature,68.7874984741211,2026-07-16T08:59:24.324Z
sensor.battery_bank_monitor_battery_pack_temperature,68.6750030517578,2026-07-16T09:03:24.460Z
sensor.battery_bank_monitor_battery_pack_temperature,68.7874984741211,2026-07-16T09:04:24.462Z
sensor.battery_bank_monitor_battery_pack_temperature,68.6750030517578,2026-07-16T09:12:24.673Z
sensor.battery_bank_monitor_battery_pack_temperature,68.7874984741211,2026-07-16T09:13:24.692Z
sensor.battery_bank_monitor_battery_pack_temperature,68.6750030517578,2026-07-16T09:14:24.674Z
sensor.battery_bank_monitor_battery_pack_temperature,68.7874984741211,2026-07-16T09:15:24.691Z
sensor.battery_bank_monitor_battery_pack_temperature,68.6750030517578,2026-07-16T09:21:24.782Z
sensor.battery_bank_monitor_battery_pack_temperature,68.7874984741211,2026-07-16T09:22:24.787Z
sensor.battery_bank_monitor_battery_pack_temperature,68.6750030517578,2026-07-16T09:24:24.803Z
sensor.battery_bank_monitor_battery_pack_temperature,68.7874984741211,2026-07-16T09:26:24.802Z
sensor.battery_bank_monitor_battery_pack_temperature,68.6750030517578,2026-07-16T09:46:25.051Z
sensor.battery_bank_monitor_battery_pack_temperature,68.7874984741211,2026-07-16T09:47:25.091Z
sensor.battery_bank_monitor_battery_pack_temperature,68.6750030517578,2026-07-16T09:52:25.229Z
sensor.battery_bank_monitor_battery_pack_temperature,68.7874984741211,2026-07-16T09:53:25.318Z
sensor.battery_bank_monitor_battery_pack_temperature,68.6750030517578,2026-07-16T09:56:25.322Z
sensor.battery_bank_monitor_battery_pack_temperature,68.7874984741211,2026-07-16T09:57:25.319Z
sensor.battery_bank_monitor_battery_pack_temperature,68.9000015258789,2026-07-16T10:17:25.578Z
sensor.battery_bank_monitor_battery_pack_temperature,68.7874984741211,2026-07-16T10:18:25.532Z
sensor.battery_bank_monitor_battery_pack_temperature,68.9000015258789,2026-07-16T10:31:25.750Z
sensor.battery_bank_monitor_battery_pack_temperature,68.7874984741211,2026-07-16T10:32:25.741Z
sensor.battery_bank_monitor_battery_pack_temperature,68.9000015258789,2026-07-16T10:35:25.762Z
sensor.battery_bank_monitor_battery_pack_temperature,68.7874984741211,2026-07-16T10:36:25.747Z
sensor.battery_bank_monitor_battery_pack_temperature,68.9000015258789,2026-07-16T10:42:25.869Z
sensor.battery_bank_monitor_battery_pack_temperature,68.7874984741211,2026-07-16T10:43:25.870Z
sensor.battery_bank_monitor_battery_pack_temperature,68.9000015258789,2026-07-16T10:44:25.857Z
sensor.battery_bank_monitor_battery_pack_temperature,68.7874984741211,2026-07-16T10:45:25.859Z
sensor.battery_bank_monitor_battery_pack_temperature,68.9000015258789,2026-07-16T10:48:25.840Z
sensor.battery_bank_monitor_battery_pack_temperature,68.7874984741211,2026-07-16T10:54:26.318Z
sensor.battery_bank_monitor_battery_pack_temperature,68.9000015258789,2026-07-16T10:55:26.335Z
sensor.battery_bank_monitor_battery_pack_temperature,68.7874984741211,2026-07-16T10:56:26.335Z
sensor.battery_bank_monitor_battery_pack_temperature,68.9000015258789,2026-07-16T10:57:26.337Z
sensor.battery_bank_monitor_battery_pack_temperature,69.0124969482422,2026-07-16T11:38:27.237Z
sensor.battery_bank_monitor_battery_pack_temperature,68.9000015258789,2026-07-16T11:39:27.220Z
sensor.battery_bank_monitor_battery_pack_temperature,69.0124969482422,2026-07-16T11:40:27.221Z
sensor.battery_bank_monitor_battery_pack_temperature,68.9000015258789,2026-07-16T12:19:27.933Z
sensor.battery_bank_monitor_battery_pack_temperature,69.0124969482422,2026-07-16T12:21:27.938Z
sensor.battery_bank_monitor_battery_pack_temperature,68.9000015258789,2026-07-16T12:22:27.937Z
sensor.battery_bank_monitor_battery_pack_temperature,69.0124969482422,2026-07-16T12:23:27.942Z
sensor.battery_bank_monitor_battery_pack_temperature,68.9000015258789,2026-07-16T12:27:27.917Z
sensor.battery_bank_monitor_battery_pack_temperature,69.0124969482422,2026-07-16T12:30:28.002Z
sensor.battery_bank_monitor_battery_pack_temperature,68.9000015258789,2026-07-16T12:31:28.018Z
sensor.battery_bank_monitor_battery_pack_temperature,69.0124969482422,2026-07-16T12:32:28.016Z
sensor.battery_bank_monitor_battery_pack_temperature,68.9000015258789,2026-07-16T12:33:28.006Z
sensor.battery_bank_monitor_battery_pack_temperature,69.0124969482422,2026-07-16T12:36:28.047Z
sensor.battery_bank_monitor_battery_pack_temperature,68.9000015258789,2026-07-16T12:37:28.024Z
sensor.battery_bank_monitor_battery_pack_temperature,69.0124969482422,2026-07-16T12:39:28.129Z
sensor.battery_bank_monitor_battery_pack_temperature,68.9000015258789,2026-07-16T12:40:28.240Z
sensor.battery_bank_monitor_battery_pack_temperature,68.7874984741211,2026-07-16T13:14:28.839Z
sensor.battery_bank_monitor_battery_pack_temperature,68.9000015258789,2026-07-16T13:15:28.830Z
sensor.battery_bank_monitor_battery_pack_temperature,68.7874984741211,2026-07-16T13:18:28.833Z
sensor.battery_bank_monitor_battery_pack_temperature,68.9000015258789,2026-07-16T13:20:28.961Z
sensor.battery_bank_monitor_battery_pack_temperature,68.7874984741211,2026-07-16T13:22:28.779Z
sensor.battery_bank_monitor_battery_pack_temperature,68.9000015258789,2026-07-16T13:23:28.875Z
sensor.battery_bank_monitor_battery_pack_temperature,68.7874984741211,2026-07-16T13:25:29.050Z
sensor.battery_bank_monitor_battery_pack_temperature,68.9000015258789,2026-07-16T13:26:29.135Z
sensor.battery_bank_monitor_battery_pack_temperature,68.7874984741211,2026-07-16T13:27:29.218Z
sensor.battery_bank_monitor_battery_pack_temperature,68.9000015258789,2026-07-16T13:31:29.598Z
sensor.battery_bank_monitor_battery_pack_temperature,68.7874984741211,2026-07-16T13:33:29.662Z
sensor.battery_bank_monitor_battery_pack_temperature,68.9000015258789,2026-07-16T13:35:29.678Z
sensor.battery_bank_monitor_battery_pack_temperature,68.7874984741211,2026-07-16T13:37:29.681Z
sensor.battery_bank_monitor_battery_pack_temperature,68.9000015258789,2026-07-16T13:38:29.638Z
sensor.battery_bank_monitor_battery_pack_temperature,68.7874984741211,2026-07-16T13:40:29.726Z
sensor.battery_bank_monitor_battery_pack_temperature,68.9000015258789,2026-07-16T13:41:29.656Z
sensor.battery_bank_monitor_battery_pack_temperature,68.7874984741211,2026-07-16T13:47:30.163Z
sensor.battery_bank_monitor_battery_pack_temperature,68.9000015258789,2026-07-16T13:48:30.148Z
sensor.battery_bank_monitor_battery_pack_temperature,68.7874984741211,2026-07-16T13:53:30.241Z
sensor.battery_bank_monitor_battery_pack_temperature,68.9000015258789,2026-07-16T13:54:30.215Z
sensor.battery_bank_monitor_battery_pack_temperature,69.0124969482422,2026-07-16T14:28:33.093Z
sensor.battery_bank_monitor_battery_pack_temperature,69.125,2026-07-16T14:31:33.367Z
sensor.battery_bank_monitor_battery_pack_temperature,69.2375030517578,2026-07-16T14:35:33.496Z
sensor.battery_bank_monitor_battery_pack_temperature,69.3499984741211,2026-07-16T14:38:33.399Z
sensor.battery_bank_monitor_battery_pack_temperature,69.4625015258789,2026-07-16T14:41:33.602Z
sensor.battery_bank_monitor_battery_pack_temperature,69.3499984741211,2026-07-16T14:42:33.422Z
sensor.battery_bank_monitor_battery_pack_temperature,69.4625015258789,2026-07-16T14:43:33.513Z
sensor.battery_bank_monitor_battery_pack_temperature,69.5749969482422,2026-07-16T14:47:33.545Z
sensor.battery_bank_monitor_battery_pack_temperature,69.6875,2026-07-16T14:57:33.776Z
sensor.battery_bank_monitor_battery_pack_temperature,69.5749969482422,2026-07-16T14:58:33.886Z
sensor.battery_bank_monitor_battery_pack_temperature,69.6875,2026-07-16T15:01:34.155Z
sensor.battery_bank_monitor_battery_pack_temperature,69.5749969482422,2026-07-16T15:03:34.340Z
sensor.battery_bank_monitor_battery_pack_temperature,69.6875,2026-07-16T15:05:34.534Z
sensor.battery_bank_monitor_battery_pack_temperature,69.8000030517578,2026-07-16T15:37:36.604Z
sensor.battery_bank_monitor_battery_pack_temperature,69.6875,2026-07-16T15:38:36.714Z
sensor.battery_bank_monitor_battery_pack_temperature,69.5749969482422,2026-07-16T16:22:37.706Z
sensor.battery_bank_monitor_battery_pack_temperature,69.6875,2026-07-16T16:23:37.707Z
sensor.battery_bank_monitor_battery_pack_temperature,69.5749969482422,2026-07-16T16:24:37.700Z
sensor.battery_bank_monitor_battery_pack_temperature,unavailable,2026-07-16T16:54:11.559Z
sensor.battery_bank_monitor_battery_pack_temperature,69.5749969482422,2026-07-16T16:54:16.761Z
sensor.battery_bank_monitor_battery_pack_temperature,69.4625015258789,2026-07-16T17:10:15.987Z
sensor.battery_bank_monitor_battery_pack_temperature,69.5749969482422,2026-07-16T17:11:16.053Z
sensor.battery_bank_monitor_battery_pack_temperature,69.4625015258789,2026-07-16T17:18:16.412Z
sensor.battery_bank_monitor_battery_pack_temperature,69.5749969482422,2026-07-16T17:19:16.429Z
sensor.battery_bank_monitor_battery_pack_temperature,69.4625015258789,2026-07-16T17:21:16.546Z
sensor.battery_bank_monitor_battery_pack_temperature,69.5749969482422,2026-07-16T17:22:16.585Z
sensor.battery_bank_monitor_battery_pack_temperature,69.4625015258789,2026-07-16T17:23:16.611Z
sensor.battery_bank_monitor_battery_pack_temperature,69.5749969482422,2026-07-16T17:24:16.622Z
sensor.battery_bank_monitor_battery_pack_temperature,69.4625015258789,2026-07-16T17:27:16.796Z
sensor.battery_bank_monitor_battery_pack_temperature,69.3499984741211,2026-07-16T17:44:17.721Z
sensor.battery_bank_monitor_battery_pack_temperature,69.4625015258789,2026-07-16T17:45:17.758Z
sensor.battery_bank_monitor_battery_pack_temperature,69.5749969482422,2026-07-16T17:50:18.079Z
sensor.battery_bank_monitor_battery_pack_temperature,69.6875,2026-07-16T17:53:18.220Z
sensor.battery_bank_monitor_battery_pack_temperature,69.8000030517578,2026-07-16T17:56:18.393Z
sensor.battery_bank_monitor_battery_pack_temperature,69.9124984741211,2026-07-16T18:01:18.624Z
sensor.battery_bank_monitor_battery_pack_temperature,69.8000030517578,2026-07-16T18:04:18.801Z
sensor.battery_bank_monitor_battery_pack_temperature,69.6875,2026-07-16T18:11:19.292Z
sensor.battery_bank_monitor_battery_pack_temperature,69.8000030517578,2026-07-16T18:12:19.382Z
sensor.battery_bank_monitor_battery_pack_temperature,69.9124984741211,2026-07-16T18:25:20.207Z
sensor.battery_bank_monitor_battery_pack_temperature,70.0250015258789,2026-07-16T18:34:20.727Z
sensor.battery_bank_monitor_battery_pack_temperature,70.1374969482422,2026-07-16T18:39:21.020Z
sensor.battery_bank_monitor_battery_pack_temperature,70.0250015258789,2026-07-16T18:41:21.144Z
sensor.battery_bank_monitor_battery_pack_temperature,70.1374969482422,2026-07-16T18:42:21.221Z
sensor.battery_bank_monitor_battery_pack_temperature,70.25,2026-07-16T18:44:21.324Z
sensor.battery_bank_monitor_battery_pack_temperature,70.1374969482422,2026-07-16T18:45:21.355Z
sensor.battery_bank_monitor_battery_pack_temperature,70.25,2026-07-16T18:46:21.447Z
sensor.battery_bank_monitor_battery_pack_temperature,70.3625030517578,2026-07-16T18:50:21.684Z
sensor.battery_bank_monitor_battery_pack_temperature,70.4749984741211,2026-07-16T18:54:21.922Z
sensor.battery_bank_monitor_battery_pack_temperature,70.3625030517578,2026-07-16T18:55:22.019Z
sensor.battery_bank_monitor_battery_pack_temperature,70.4749984741211,2026-07-16T18:56:22.069Z
sensor.battery_bank_monitor_battery_pack_temperature,70.5875015258789,2026-07-16T19:01:22.406Z
sensor.battery_bank_monitor_battery_pack_temperature,70.6999969482422,2026-07-16T19:06:22.739Z
sensor.battery_bank_monitor_battery_pack_temperature,70.8125,2026-07-16T19:11:23.087Z
sensor.battery_bank_monitor_battery_pack_temperature,70.9250030517578,2026-07-16T19:15:23.392Z
sensor.battery_bank_monitor_battery_pack_temperature,71.0374984741211,2026-07-16T19:21:23.739Z
sensor.battery_bank_monitor_battery_pack_temperature,71.1500015258789,2026-07-16T19:23:23.705Z
sensor.battery_bank_monitor_battery_pack_temperature,71.0374984741211,2026-07-16T19:24:23.741Z
sensor.battery_bank_monitor_battery_pack_temperature,71.1500015258789,2026-07-16T19:25:23.744Z
sensor.battery_bank_monitor_battery_pack_temperature,71.2624969482422,2026-07-16T19:29:23.754Z
sensor.battery_bank_monitor_battery_pack_temperature,71.375,2026-07-16T19:34:23.843Z
sensor.battery_bank_monitor_battery_pack_temperature,71.4875030517578,2026-07-16T19:38:23.892Z
sensor.battery_bank_monitor_battery_pack_temperature,71.5999984741211,2026-07-16T19:41:24.087Z
sensor.battery_bank_monitor_battery_pack_temperature,71.7125015258789,2026-07-16T19:44:24.197Z
sensor.battery_bank_monitor_battery_pack_temperature,71.8249969482422,2026-07-16T19:48:24.267Z
sensor.battery_bank_monitor_battery_pack_temperature,71.9375,2026-07-16T19:49:24.186Z
sensor.battery_bank_monitor_battery_pack_temperature,72.0500030517578,2026-07-16T19:51:24.340Z
sensor.battery_bank_monitor_battery_pack_temperature,72.1624984741211,2026-07-16T19:54:24.235Z
sensor.battery_bank_monitor_battery_pack_temperature,72.2750015258789,2026-07-16T19:55:24.328Z
sensor.battery_bank_monitor_battery_pack_temperature,72.3874969482422,2026-07-16T20:00:24.767Z
sensor.battery_bank_monitor_battery_pack_temperature,72.5,2026-07-16T20:02:24.774Z
sensor.battery_bank_monitor_battery_pack_temperature,72.6125030517578,2026-07-16T20:06:24.799Z
sensor.battery_bank_monitor_battery_pack_temperature,72.7249984741211,2026-07-16T20:13:24.907Z
sensor.battery_bank_monitor_battery_pack_temperature,72.6125030517578,2026-07-16T20:14:24.895Z
sensor.battery_bank_monitor_battery_pack_temperature,72.5,2026-07-16T20:29:25.020Z
sensor.battery_bank_monitor_battery_pack_temperature,72.6125030517578,2026-07-16T20:30:25.014Z
sensor.battery_bank_monitor_battery_pack_temperature,72.5,2026-07-16T20:32:25.014Z
sensor.battery_bank_monitor_battery_pack_temperature,72.6125030517578,2026-07-16T20:33:25.044Z
sensor.battery_bank_monitor_battery_pack_temperature,72.5,2026-07-16T20:34:25.143Z
sensor.battery_bank_monitor_battery_pack_temperature,72.3874969482422,2026-07-16T20:44:25.631Z
sensor.battery_bank_monitor_battery_pack_temperature,72.2750015258789,2026-07-16T20:52:25.729Z
sensor.battery_bank_monitor_battery_pack_temperature,72.3874969482422,2026-07-16T20:58:25.662Z
sensor.battery_bank_monitor_battery_pack_temperature,72.2750015258789,2026-07-16T20:59:25.646Z
sensor.battery_bank_monitor_battery_pack_temperature,72.3874969482422,2026-07-16T21:00:25.647Z
sensor.battery_bank_monitor_battery_pack_temperature,72.2750015258789,2026-07-16T21:01:25.666Z
sensor.battery_bank_monitor_battery_pack_temperature,72.3874969482422,2026-07-16T21:03:25.745Z
sensor.battery_bank_monitor_battery_pack_temperature,72.2750015258789,2026-07-16T21:04:25.625Z
sensor.battery_bank_monitor_battery_pack_temperature,72.3874969482422,2026-07-16T21:07:25.875Z
