date,v_min,source_file
2026-04-01,13.23,battery_bank_voltage_voltmeter_battery_bank_voltage_01_04_2026_00h__01_05_2026_00h.csv
2026-04-02,13.23,battery_bank_voltage_voltmeter_battery_bank_voltage_01_04_2026_00h__01_05_2026_00h.csv
2026-04-03,13.23,battery_bank_voltage_voltmeter_battery_bank_voltage_01_04_2026_00h__01_05_2026_00h.csv
2026-04-04,13.23,battery_bank_voltage_voltmeter_battery_bank_voltage_01_04_2026_00h__01_05_2026_00h.csv
2026-04-05,13.23,battery_bank_voltage_voltmeter_battery_bank_voltage_01_04_2026_00h__01_05_2026_00h.csv
2026-04-06,13.23,battery_bank_voltage_voltmeter_battery_bank_voltage_01_04_2026_00h__01_05_2026_00h.csv
2026-04-07,13.24,battery_bank_voltage_voltmeter_battery_bank_voltage_01_04_2026_00h__01_05_2026_00h.csv
2026-04-08,13.24,battery_bank_voltage_voltmeter_battery_bank_voltage_01_04_2026_00h__01_05_2026_00h.csv
2026-04-09,13.24,battery_bank_voltage_voltmeter_battery_bank_voltage_01_04_2026_00h__01_05_2026_00h.csv
2026-04-10,13.24,battery_bank_voltage_voltmeter_battery_bank_voltage_01_04_2026_00h__01_05_2026_00h.csv
2026-04-11,13.24,battery_bank_voltage_voltmeter_battery_bank_voltage_01_04_2026_00h__01_05_2026_00h.csv
2026-04-12,13.24,battery_bank_voltage_voltmeter_battery_bank_voltage_01_04_2026_00h__01_05_2026_00h.csv
2026-04-13,13.24,battery_bank_voltage_voltmeter_battery_bank_voltage_01_04_2026_00h__01_05_2026_00h.csv
2026-04-14,13.24,battery_bank_voltage_voltmeter_battery_bank_voltage_01_04_2026_00h__01_05_2026_00h.csv
2026-04-15,13.24,battery_bank_voltage_voltmeter_battery_bank_voltage_01_04_2026_00h__01_05_2026_00h.csv
2026-04-16,13.24,battery_bank_voltage_voltmeter_battery_bank_voltage_01_04_2026_00h__01_05_2026_00h.csv
2026-04-17,13.24,battery_bank_voltage_voltmeter_battery_bank_voltage_01_04_2026_00h__01_05_2026_00h.csv
2026-04-18,13.24,battery_bank_voltage_voltmeter_battery_bank_voltage_01_04_2026_00h__01_05_2026_00h.csv
2026-04-19,13.24,battery_bank_voltage_voltmeter_battery_bank_voltage_01_04_2026_00h__01_05_2026_00h.csv
2026-04-20,13.24,battery_bank_voltage_voltmeter_battery_bank_voltage_01_04_2026_00h__01_05_2026_00h.csv
2026-04-21,13.24,battery_bank_voltage_voltmeter_battery_bank_voltage_01_04_2026_00h__01_05_2026_00h.csv
2026-04-22,13.24,battery_bank_voltage_voltmeter_battery_bank_voltage_01_04_2026_00h__01_05_2026_00h.csv
2026-04-23,13.24,battery_bank_voltage_voltmeter_battery_bank_voltage_01_04_2026_00h__01_05_2026_00h.csv
2026-04-24,13.24,battery_bank_voltage_voltmeter_battery_bank_voltage_01_04_2026_00h__01_05_2026_00h.csv
2026-04-25,13.24,battery_bank_voltage_voltmeter_battery_bank_voltage_01_04_2026_00h__01_05_2026_00h.csv
2026-04-26,13.24,battery_bank_voltage_voltmeter_battery_bank_voltage_01_04_2026_00h__01_05_2026_00h.csv
2026-04-27,13.23,battery_bank_voltage_voltmeter_battery_bank_voltage_01_04_2026_00h__01_05_2026_00h.csv
2026-04-28,13.23,battery_bank_voltage_voltmeter_battery_bank_voltage_01_04_2026_00h__01_05_2026_00h.csv
2026-04-29,13.23,battery_bank_voltage_voltmeter_battery_bank_voltage_01_04_2026_00h__01_05_2026_00h.csv
2026-04-30,13.24,battery_bank_voltage_voltmeter_battery_bank_voltage_01_04_2026_00h__01_05_2026_00h.csv
2026-05-01,13.24,battery_bank_voltage_voltmeter_battery_bank_voltage_01_05_2026_00h__01_06_2026_00h.csv
2026-05-02,13.24,battery_bank_voltage_voltmeter_battery_bank_voltage_01_05_2026_00h__01_06_2026_00h.csv
2026-05-03,13.24,battery_bank_voltage_voltmeter_battery_bank_voltage_01_05_2026_00h__01_06_2026_00h.csv
2026-05-04,13.22,battery_bank_voltage_voltmeter_battery_bank_voltage_01_05_2026_00h__01_06_2026_00h.csv
2026-05-05,13.23,battery_bank_voltage_voltmeter_battery_bank_voltage_01_05_2026_00h__01_06_2026_00h.csv
2026-05-06,13.24,battery_bank_voltage_voltmeter_battery_bank_voltage_01_05_2026_00h__01_06_2026_00h.csv
2026-05-07,13.24,battery_bank_voltage_voltmeter_battery_bank_voltage_01_05_2026_00h__01_06_2026_00h.csv
2026-05-08,13.24,battery_bank_voltage_voltmeter_battery_bank_voltage_01_05_2026_00h__01_06_2026_00h.csv
2026-05-09,13.24,battery_bank_voltage_voltmeter_battery_bank_voltage_01_05_2026_00h__01_06_2026_00h.csv
2026-05-10,13.24,battery_bank_voltage_voltmeter_battery_bank_voltage_01_05_2026_00h__01_06_2026_00h.csv
2026-05-11,13.24,battery_bank_voltage_voltmeter_battery_bank_voltage_01_05_2026_00h__01_06_2026_00h.csv
2026-05-12,13.24,battery_bank_voltage_voltmeter_battery_bank_voltage_01_05_2026_00h__01_06_2026_00h.csv
2026-05-13,13.24,battery_bank_voltage_voltmeter_battery_bank_voltage_01_05_2026_00h__01_06_2026_00h.csv
2026-05-14,13.24,battery_bank_voltage_voltmeter_battery_bank_voltage_01_05_2026_00h__01_06_2026_00h.csv
2026-05-15,13.24,battery_bank_voltage_voltmeter_battery_bank_voltage_01_05_2026_00h__01_06_2026_00h.csv
2026-05-16,13.24,battery_bank_voltage_voltmeter_battery_bank_voltage_01_05_2026_00h__01_06_2026_00h.csv
2026-05-17,13.24,battery_bank_voltage_voltmeter_battery_bank_voltage_01_05_2026_00h__01_06_2026_00h.csv
2026-05-18,13.24,battery_bank_voltage_voltmeter_battery_bank_voltage_01_05_2026_00h__01_06_2026_00h.csv
2026-05-19,13.24,battery_bank_voltage_voltmeter_battery_bank_voltage_01_05_2026_00h__01_06_2026_00h.csv
2026-05-20,13.24,battery_bank_voltage_voltmeter_battery_bank_voltage_01_05_2026_00h__01_06_2026_00h.csv
2026-05-21,13.24,battery_bank_voltage_voltmeter_battery_bank_voltage_01_05_2026_00h__01_06_2026_00h.csv
2026-05-22,13.24,battery_bank_voltage_voltmeter_battery_bank_voltage_01_05_2026_00h__01_06_2026_00h.csv
2026-05-23,13.24,battery_bank_voltage_voltmeter_battery_bank_voltage_01_05_2026_00h__01_06_2026_00h.csv
2026-05-24,13.24,battery_bank_voltage_voltmeter_battery_bank_voltage_01_05_2026_00h__01_06_2026_00h.csv
2026-05-25,13.24,battery_bank_voltage_voltmeter_battery_bank_voltage_01_05_2026_00h__01_06_2026_00h.csv
2026-05-26,13.24,battery_bank_voltage_voltmeter_battery_bank_voltage_01_05_2026_00h__01_06_2026_00h.csv
2026-05-27,13.24,battery_bank_voltage_voltmeter_battery_bank_voltage_01_05_2026_00h__01_06_2026_00h.csv
2026-05-28,13.21,battery_bank_voltage_voltmeter_battery_bank_voltage_01_05_2026_00h__01_06_2026_00h.csv
2026-05-29,13.22,battery_bank_voltage_voltmeter_battery_bank_voltage_01_05_2026_00h__01_06_2026_00h.csv
2026-05-30,13.23,battery_bank_voltage_voltmeter_battery_bank_voltage_01_05_2026_00h__01_06_2026_00h.csv
2026-05-31,13.22,battery_bank_voltage_voltmeter_battery_bank_voltage_01_05_2026_00h__01_06_2026_00h.csv
2026-06-01,13.22,battery_bank_voltage_voltmeter_battery_bank_voltage_01_06_2026_00h__01_07_2026_00h.csv
2026-06-02,13.22,battery_bank_voltage_voltmeter_battery_bank_voltage_01_06_2026_00h__01_07_2026_00h.csv
2026-06-03,13.22,battery_bank_voltage_voltmeter_battery_bank_voltage_01_06_2026_00h__01_07_2026_00h.csv
2026-06-04,13.22,battery_bank_voltage_voltmeter_battery_bank_voltage_01_06_2026_00h__01_07_2026_00h.csv
2026-06-05,13.22,battery_bank_voltage_voltmeter_battery_bank_voltage_01_06_2026_00h__01_07_2026_00h.csv
2026-06-06,13.22,battery_bank_voltage_voltmeter_battery_bank_voltage_01_06_2026_00h__01_07_2026_00h.csv
2026-06-07,13.23,battery_bank_voltage_voltmeter_battery_bank_voltage_01_06_2026_00h__01_07_2026_00h.csv
2026-06-08,13.23,battery_bank_voltage_voltmeter_battery_bank_voltage_01_06_2026_00h__01_07_2026_00h.csv
2026-06-09,13.24,battery_bank_voltage_voltmeter_battery_bank_voltage_01_06_2026_00h__01_07_2026_00h.csv
2026-06-10,13.25,battery_bank_voltage_voltmeter_battery_bank_voltage_01_06_2026_00h__01_07_2026_00h.csv
2026-06-11,13.25,battery_bank_voltage_voltmeter_battery_bank_voltage_01_06_2026_00h__01_07_2026_00h.csv
2026-06-12,13.24,battery_bank_voltage_voltmeter_battery_bank_voltage_01_06_2026_00h__01_07_2026_00h.csv
2026-06-13,13.24,battery_bank_voltage_voltmeter_battery_bank_voltage_01_06_2026_00h__01_07_2026_00h.csv
2026-06-14,13.24,battery_bank_voltage_voltmeter_battery_bank_voltage_01_06_2026_00h__01_07_2026_00h.csv
2026-06-15,13.25,battery_bank_voltage_voltmeter_battery_bank_voltage_01_06_2026_00h__01_07_2026_00h.csv
2026-06-16,13.24,battery_bank_voltage_voltmeter_battery_bank_voltage_01_06_2026_00h__01_07_2026_00h.csv
2026-06-17,13.24,battery_bank_voltage_voltmeter_battery_bank_voltage_01_06_2026_00h__01_07_2026_00h.csv
2026-06-18,13.24,battery_bank_voltage_voltmeter_battery_bank_voltage_01_06_2026_00h__01_07_2026_00h.csv
2026-06-19,13.24,battery_bank_voltage_voltmeter_battery_bank_voltage_01_06_2026_00h__01_07_2026_00h.csv
2026-06-20,13.24,battery_bank_voltage_voltmeter_battery_bank_voltage_01_06_2026_00h__01_07_2026_00h.csv
2026-06-21,13.24,battery_bank_voltage_voltmeter_battery_bank_voltage_01_06_2026_00h__01_07_2026_00h.csv
2026-06-22,13.24,battery_bank_voltage_voltmeter_battery_bank_voltage_01_06_2026_00h__01_07_2026_00h.csv
2026-06-23,13.23,battery_bank_voltage_voltmeter_battery_bank_voltage_01_06_2026_00h__01_07_2026_00h.csv
2026-06-24,13.24,battery_bank_voltage_voltmeter_battery_bank_voltage_01_06_2026_00h__01_07_2026_00h.csv
2026-06-25,13.23,battery_bank_voltage_voltmeter_battery_bank_voltage_01_06_2026_00h__01_07_2026_00h.csv
2026-06-26,13.23,battery_bank_voltage_voltmeter_battery_bank_voltage_01_06_2026_00h__01_07_2026_00h.csv
2026-06-27,13.21,battery_bank_voltage_voltmeter_battery_bank_voltage_01_06_2026_00h__01_07_2026_00h.csv
2026-06-28,13.27,battery_bank_voltage_voltmeter_battery_bank_voltage_01_06_2026_00h__01_07_2026_00h.csv
2026-06-29,13.27,battery_bank_voltage_voltmeter_battery_bank_voltage_01_06_2026_00h__01_07_2026_00h.csv
2026-06-30,13.27,battery_bank_voltage_voltmeter_battery_bank_voltage_01_06_2026_00h__01_07_2026_00h.csv
2026-07-01,13.27,battery_bank_voltage_voltmeter_battery_bank_voltage_01_07_2026_00h__01_08_2026_00h.csv
2026-07-02,13.27,battery_bank_voltage_voltmeter_battery_bank_voltage_01_07_2026_00h__01_08_2026_00h.csv
2026-07-03,13.27,battery_bank_voltage_voltmeter_battery_bank_voltage_01_07_2026_00h__01_08_2026_00h.csv
2026-07-04,13.11,battery_bank_voltage_voltmeter_battery_bank_voltage_01_07_2026_00h__01_08_2026_00h.csv
2026-07-05,13.03,battery_bank_voltage_voltmeter_battery_bank_voltage_01_07_2026_00h__01_08_2026_00h.csv
2026-07-06,13.58,battery_bank_voltage_voltmeter_battery_bank_voltage_01_07_2026_00h__01_08_2026_00h.csv
2026-07-07,13.52,battery_bank_voltage_voltmeter_battery_bank_voltage_01_07_2026_00h__01_08_2026_00h.csv
2026-07-08,13.49,battery_bank_voltage_voltmeter_battery_bank_voltage_01_07_2026_00h__01_08_2026_00h.csv
2026-07-09,13.43,battery_bank_voltage_voltmeter_battery_bank_voltage_01_07_2026_00h__01_08_2026_00h.csv
2026-07-10,13.38,battery_bank_voltage_voltmeter_battery_bank_voltage_01_07_2026_00h__01_08_2026_00h.csv
2026-07-11,13.67,battery_bank_voltage_voltmeter_battery_bank_voltage_01_07_2026_00h__01_08_2026_00h.csv
2026-07-12,13.59,battery_bank_voltage_voltmeter_battery_bank_voltage_01_07_2026_00h__01_08_2026_00h.csv
2026-07-13,13.49,battery_bank_voltage_voltmeter_battery_bank_voltage_01_07_2026_00h__01_08_2026_00h.csv
2026-07-14,12.85,battery_bank_voltage_voltmeter_battery_bank_voltage_01_07_2026_00h__01_08_2026_00h.csv
2026-07-15,13.15,battery_bank_voltage_voltmeter_battery_bank_voltage_01_07_2026_00h__01_08_2026_00h.csv
2026-07-16,12.75,battery_bank_voltage_voltmeter_battery_bank_voltage_01_07_2026_00h__01_08_2026_00h.csv
